# ESTIMATE - modelled, not measured. See estimate_monthly_by_country.py.
# Annual per-country estimate spread over months by the city's REAL monthly foreign curve (Tempo TUR104F).
# Country mix is constant within a year; only the month-shape is real.
city,year,month,country,estimated_foreign_arrivals
Brasov,2020,01,Other countries,1308
Brasov,2020,02,Other countries,1263
Brasov,2020,03,Other countries,364
Brasov,2020,04,Other countries,0
Brasov,2020,05,Other countries,4
Brasov,2020,06,Other countries,47
Brasov,2020,07,Other countries,241
Brasov,2020,08,Other countries,363
Brasov,2020,09,Other countries,384
Brasov,2020,10,Other countries,290
Brasov,2020,11,Other countries,175
Brasov,2020,12,Other countries,214
Brasov,2020,01,Germany,1066
Brasov,2020,02,Germany,1030
Brasov,2020,03,Germany,297
Brasov,2020,04,Germany,0
Brasov,2020,05,Germany,3
Brasov,2020,06,Germany,39
Brasov,2020,07,Germany,196
Brasov,2020,08,Germany,296
Brasov,2020,09,Germany,313
Brasov,2020,10,Germany,237
Brasov,2020,11,Germany,143
Brasov,2020,12,Germany,175
Brasov,2020,01,Italy,611
Brasov,2020,02,Italy,590
Brasov,2020,03,Italy,170
Brasov,2020,04,Italy,0
Brasov,2020,05,Italy,2
Brasov,2020,06,Italy,22
Brasov,2020,07,Italy,112
Brasov,2020,08,Italy,170
Brasov,2020,09,Italy,179
Brasov,2020,10,Italy,136
Brasov,2020,11,Italy,82
Brasov,2020,12,Italy,100
Brasov,2020,01,Israel,536
Brasov,2020,02,Israel,518
Brasov,2020,03,Israel,149
Brasov,2020,04,Israel,0
Brasov,2020,05,Israel,2
Brasov,2020,06,Israel,19
Brasov,2020,07,Israel,99
Brasov,2020,08,Israel,149
Brasov,2020,09,Israel,157
Brasov,2020,10,Israel,119
Brasov,2020,11,Israel,72
Brasov,2020,12,Israel,88
Brasov,2020,01,USA,414
Brasov,2020,02,USA,400
Brasov,2020,03,USA,115
Brasov,2020,04,USA,0
Brasov,2020,05,USA,1
Brasov,2020,06,USA,15
Brasov,2020,07,USA,76
Brasov,2020,08,USA,115
Brasov,2020,09,USA,122
Brasov,2020,10,USA,92
Brasov,2020,11,USA,55
Brasov,2020,12,USA,68
Brasov,2020,01,United Kingdom,412
Brasov,2020,02,United Kingdom,398
Brasov,2020,03,United Kingdom,115
Brasov,2020,04,United Kingdom,0
Brasov,2020,05,United Kingdom,1
Brasov,2020,06,United Kingdom,15
Brasov,2020,07,United Kingdom,76
Brasov,2020,08,United Kingdom,114
Brasov,2020,09,United Kingdom,121
Brasov,2020,10,United Kingdom,91
Brasov,2020,11,United Kingdom,55
Brasov,2020,12,United Kingdom,67
Brasov,2020,01,Spain,346
Brasov,2020,02,Spain,334
Brasov,2020,03,Spain,96
Brasov,2020,04,Spain,0
Brasov,2020,05,Spain,1
Brasov,2020,06,Spain,13
Brasov,2020,07,Spain,64
Brasov,2020,08,Spain,96
Brasov,2020,09,Spain,102
Brasov,2020,10,Spain,77
Brasov,2020,11,Spain,46
Brasov,2020,12,Spain,57
Brasov,2020,01,Poland,342
Brasov,2020,02,Poland,331
Brasov,2020,03,Poland,95
Brasov,2020,04,Poland,0
Brasov,2020,05,Poland,1
Brasov,2020,06,Poland,12
Brasov,2020,07,Poland,63
Brasov,2020,08,Poland,95
Brasov,2020,09,Poland,101
Brasov,2020,10,Poland,76
Brasov,2020,11,Poland,46
Brasov,2020,12,Poland,56
Brasov,2020,01,Hungary,335
Brasov,2020,02,Hungary,323
Brasov,2020,03,Hungary,93
Brasov,2020,04,Hungary,0
Brasov,2020,05,Hungary,1
Brasov,2020,06,Hungary,12
Brasov,2020,07,Hungary,62
Brasov,2020,08,Hungary,93
Brasov,2020,09,Hungary,98
Brasov,2020,10,Hungary,74
Brasov,2020,11,Hungary,45
Brasov,2020,12,Hungary,55
Brasov,2020,01,France,295
Brasov,2020,02,France,285
Brasov,2020,03,France,82
Brasov,2020,04,France,0
Brasov,2020,05,France,1
Brasov,2020,06,France,11
Brasov,2020,07,France,54
Brasov,2020,08,France,82
Brasov,2020,09,France,87
Brasov,2020,10,France,66
Brasov,2020,11,France,40
Brasov,2020,12,France,48
Brasov,2020,01,Ukraine,278
Brasov,2020,02,Ukraine,269
Brasov,2020,03,Ukraine,78
Brasov,2020,04,Ukraine,0
Brasov,2020,05,Ukraine,1
Brasov,2020,06,Ukraine,10
Brasov,2020,07,Ukraine,51
Brasov,2020,08,Ukraine,77
Brasov,2020,09,Ukraine,82
Brasov,2020,10,Ukraine,62
Brasov,2020,11,Ukraine,37
Brasov,2020,12,Ukraine,46
Brasov,2020,01,Moldova,267
Brasov,2020,02,Moldova,258
Brasov,2020,03,Moldova,74
Brasov,2020,04,Moldova,0
Brasov,2020,05,Moldova,1
Brasov,2020,06,Moldova,10
Brasov,2020,07,Moldova,49
Brasov,2020,08,Moldova,74
Brasov,2020,09,Moldova,78
Brasov,2020,10,Moldova,59
Brasov,2020,11,Moldova,36
Brasov,2020,12,Moldova,44
Brasov,2020,01,Bulgaria,255
Brasov,2020,02,Bulgaria,246
Brasov,2020,03,Bulgaria,71
Brasov,2020,04,Bulgaria,0
Brasov,2020,05,Bulgaria,1
Brasov,2020,06,Bulgaria,9
Brasov,2020,07,Bulgaria,47
Brasov,2020,08,Bulgaria,71
Brasov,2020,09,Bulgaria,75
Brasov,2020,10,Bulgaria,57
Brasov,2020,11,Bulgaria,34
Brasov,2020,12,Bulgaria,42
Brasov,2020,01,Turkey,179
Brasov,2020,02,Turkey,173
Brasov,2020,03,Turkey,50
Brasov,2020,04,Turkey,0
Brasov,2020,05,Turkey,1
Brasov,2020,06,Turkey,6
Brasov,2020,07,Turkey,33
Brasov,2020,08,Turkey,50
Brasov,2020,09,Turkey,53
Brasov,2020,10,Turkey,40
Brasov,2020,11,Turkey,24
Brasov,2020,12,Turkey,29
Brasov,2020,01,Greece,161
Brasov,2020,02,Greece,155
Brasov,2020,03,Greece,45
Brasov,2020,04,Greece,0
Brasov,2020,05,Greece,0
Brasov,2020,06,Greece,6
Brasov,2020,07,Greece,30
Brasov,2020,08,Greece,45
Brasov,2020,09,Greece,47
Brasov,2020,10,Greece,36
Brasov,2020,11,Greece,22
Brasov,2020,12,Greece,26
Brasov,2020,01,Netherlands,159
Brasov,2020,02,Netherlands,154
Brasov,2020,03,Netherlands,44
Brasov,2020,04,Netherlands,0
Brasov,2020,05,Netherlands,0
Brasov,2020,06,Netherlands,6
Brasov,2020,07,Netherlands,29
Brasov,2020,08,Netherlands,44
Brasov,2020,09,Netherlands,47
Brasov,2020,10,Netherlands,35
Brasov,2020,11,Netherlands,21
Brasov,2020,12,Netherlands,26
Brasov,2020,01,Austria,142
Brasov,2020,02,Austria,138
Brasov,2020,03,Austria,40
Brasov,2020,04,Austria,0
Brasov,2020,05,Austria,0
Brasov,2020,06,Austria,5
Brasov,2020,07,Austria,26
Brasov,2020,08,Austria,40
Brasov,2020,09,Austria,42
Brasov,2020,10,Austria,32
Brasov,2020,11,Austria,19
Brasov,2020,12,Austria,23
Brasov,2020,01,China,104
Brasov,2020,02,China,100
Brasov,2020,03,China,29
Brasov,2020,04,China,0
Brasov,2020,05,China,0
Brasov,2020,06,China,4
Brasov,2020,07,China,19
Brasov,2020,08,China,29
Brasov,2020,09,China,31
Brasov,2020,10,China,23
Brasov,2020,11,China,14
Brasov,2020,12,China,17
Brasov,2020,01,Serbia,103
Brasov,2020,02,Serbia,99
Brasov,2020,03,Serbia,29
Brasov,2020,04,Serbia,0
Brasov,2020,05,Serbia,0
Brasov,2020,06,Serbia,4
Brasov,2020,07,Serbia,19
Brasov,2020,08,Serbia,29
Brasov,2020,09,Serbia,30
Brasov,2020,10,Serbia,23
Brasov,2020,11,Serbia,14
Brasov,2020,12,Serbia,17
Brasov,2020,01,Belgium,94
Brasov,2020,02,Belgium,91
Brasov,2020,03,Belgium,26
Brasov,2020,04,Belgium,0
Brasov,2020,05,Belgium,0
Brasov,2020,06,Belgium,3
Brasov,2020,07,Belgium,17
Brasov,2020,08,Belgium,26
Brasov,2020,09,Belgium,28
Brasov,2020,10,Belgium,21
Brasov,2020,11,Belgium,13
Brasov,2020,12,Belgium,15
Brasov,2020,01,Switzerland,85
Brasov,2020,02,Switzerland,82
Brasov,2020,03,Switzerland,24
Brasov,2020,04,Switzerland,0
Brasov,2020,05,Switzerland,0
Brasov,2020,06,Switzerland,3
Brasov,2020,07,Switzerland,16
Brasov,2020,08,Switzerland,23
Brasov,2020,09,Switzerland,25
Brasov,2020,10,Switzerland,19
Brasov,2020,11,Switzerland,11
Brasov,2020,12,Switzerland,14
Brasov,2021,01,Other countries,298
Brasov,2021,02,Other countries,271
Brasov,2021,03,Other countries,271
Brasov,2021,04,Other countries,202
Brasov,2021,05,Other countries,290
Brasov,2021,06,Other countries,542
Brasov,2021,07,Other countries,1412
Brasov,2021,08,Other countries,1951
Brasov,2021,09,Other countries,1596
Brasov,2021,10,Other countries,1086
Brasov,2021,11,Other countries,512
Brasov,2021,12,Other countries,674
Brasov,2021,01,Germany,294
Brasov,2021,02,Germany,267
Brasov,2021,03,Germany,267
Brasov,2021,04,Germany,199
Brasov,2021,05,Germany,286
Brasov,2021,06,Germany,535
Brasov,2021,07,Germany,1393
Brasov,2021,08,Germany,1924
Brasov,2021,09,Germany,1574
Brasov,2021,10,Germany,1070
Brasov,2021,11,Germany,505
Brasov,2021,12,Germany,664
Brasov,2021,01,Italy,143
Brasov,2021,02,Italy,130
Brasov,2021,03,Italy,130
Brasov,2021,04,Italy,97
Brasov,2021,05,Italy,139
Brasov,2021,06,Italy,261
Brasov,2021,07,Italy,680
Brasov,2021,08,Italy,939
Brasov,2021,09,Italy,768
Brasov,2021,10,Italy,522
Brasov,2021,11,Italy,246
Brasov,2021,12,Italy,324
Brasov,2021,01,Israel,98
Brasov,2021,02,Israel,90
Brasov,2021,03,Israel,89
Brasov,2021,04,Israel,67
Brasov,2021,05,Israel,96
Brasov,2021,06,Israel,179
Brasov,2021,07,Israel,466
Brasov,2021,08,Israel,644
Brasov,2021,09,Israel,527
Brasov,2021,10,Israel,358
Brasov,2021,11,Israel,169
Brasov,2021,12,Israel,222
Brasov,2021,01,USA,94
Brasov,2021,02,USA,86
Brasov,2021,03,USA,86
Brasov,2021,04,USA,64
Brasov,2021,05,USA,92
Brasov,2021,06,USA,172
Brasov,2021,07,USA,447
Brasov,2021,08,USA,618
Brasov,2021,09,USA,505
Brasov,2021,10,USA,344
Brasov,2021,11,USA,162
Brasov,2021,12,USA,213
Brasov,2021,01,United Kingdom,94
Brasov,2021,02,United Kingdom,85
Brasov,2021,03,United Kingdom,85
Brasov,2021,04,United Kingdom,64
Brasov,2021,05,United Kingdom,91
Brasov,2021,06,United Kingdom,171
Brasov,2021,07,United Kingdom,444
Brasov,2021,08,United Kingdom,614
Brasov,2021,09,United Kingdom,502
Brasov,2021,10,United Kingdom,342
Brasov,2021,11,United Kingdom,161
Brasov,2021,12,United Kingdom,212
Brasov,2021,01,Spain,79
Brasov,2021,02,Spain,72
Brasov,2021,03,Spain,72
Brasov,2021,04,Spain,53
Brasov,2021,05,Spain,77
Brasov,2021,06,Spain,144
Brasov,2021,07,Spain,374
Brasov,2021,08,Spain,516
Brasov,2021,09,Spain,422
Brasov,2021,10,Spain,287
Brasov,2021,11,Spain,135
Brasov,2021,12,Spain,178
Brasov,2021,01,Poland,78
Brasov,2021,02,Poland,71
Brasov,2021,03,Poland,71
Brasov,2021,04,Poland,53
Brasov,2021,05,Poland,76
Brasov,2021,06,Poland,142
Brasov,2021,07,Poland,370
Brasov,2021,08,Poland,511
Brasov,2021,09,Poland,418
Brasov,2021,10,Poland,284
Brasov,2021,11,Poland,134
Brasov,2021,12,Poland,176
Brasov,2021,01,Hungary,76
Brasov,2021,02,Hungary,69
Brasov,2021,03,Hungary,69
Brasov,2021,04,Hungary,52
Brasov,2021,05,Hungary,74
Brasov,2021,06,Hungary,139
Brasov,2021,07,Hungary,361
Brasov,2021,08,Hungary,499
Brasov,2021,09,Hungary,408
Brasov,2021,10,Hungary,278
Brasov,2021,11,Hungary,131
Brasov,2021,12,Hungary,172
Brasov,2021,01,France,67
Brasov,2021,02,France,61
Brasov,2021,03,France,61
Brasov,2021,04,France,46
Brasov,2021,05,France,65
Brasov,2021,06,France,122
Brasov,2021,07,France,319
Brasov,2021,08,France,440
Brasov,2021,09,France,360
Brasov,2021,10,France,245
Brasov,2021,11,France,115
Brasov,2021,12,France,152
Brasov,2021,01,Ukraine,63
Brasov,2021,02,Ukraine,58
Brasov,2021,03,Ukraine,58
Brasov,2021,04,Ukraine,43
Brasov,2021,05,Ukraine,62
Brasov,2021,06,Ukraine,115
Brasov,2021,07,Ukraine,300
Brasov,2021,08,Ukraine,415
Brasov,2021,09,Ukraine,339
Brasov,2021,10,Ukraine,231
Brasov,2021,11,Ukraine,109
Brasov,2021,12,Ukraine,143
Brasov,2021,01,Moldova,61
Brasov,2021,02,Moldova,55
Brasov,2021,03,Moldova,55
Brasov,2021,04,Moldova,41
Brasov,2021,05,Moldova,59
Brasov,2021,06,Moldova,111
Brasov,2021,07,Moldova,288
Brasov,2021,08,Moldova,398
Brasov,2021,09,Moldova,326
Brasov,2021,10,Moldova,221
Brasov,2021,11,Moldova,104
Brasov,2021,12,Moldova,137
Brasov,2021,01,Bulgaria,58
Brasov,2021,02,Bulgaria,53
Brasov,2021,03,Bulgaria,53
Brasov,2021,04,Bulgaria,39
Brasov,2021,05,Bulgaria,57
Brasov,2021,06,Bulgaria,106
Brasov,2021,07,Bulgaria,276
Brasov,2021,08,Bulgaria,381
Brasov,2021,09,Bulgaria,311
Brasov,2021,10,Bulgaria,212
Brasov,2021,11,Bulgaria,100
Brasov,2021,12,Bulgaria,131
Brasov,2021,01,Turkey,41
Brasov,2021,02,Turkey,37
Brasov,2021,03,Turkey,37
Brasov,2021,04,Turkey,28
Brasov,2021,05,Turkey,40
Brasov,2021,06,Turkey,74
Brasov,2021,07,Turkey,193
Brasov,2021,08,Turkey,267
Brasov,2021,09,Turkey,219
Brasov,2021,10,Turkey,149
Brasov,2021,11,Turkey,70
Brasov,2021,12,Turkey,92
Brasov,2021,01,Greece,37
Brasov,2021,02,Greece,33
Brasov,2021,03,Greece,33
Brasov,2021,04,Greece,25
Brasov,2021,05,Greece,36
Brasov,2021,06,Greece,67
Brasov,2021,07,Greece,174
Brasov,2021,08,Greece,240
Brasov,2021,09,Greece,196
Brasov,2021,10,Greece,134
Brasov,2021,11,Greece,63
Brasov,2021,12,Greece,83
Brasov,2021,01,Netherlands,36
Brasov,2021,02,Netherlands,33
Brasov,2021,03,Netherlands,33
Brasov,2021,04,Netherlands,25
Brasov,2021,05,Netherlands,35
Brasov,2021,06,Netherlands,66
Brasov,2021,07,Netherlands,172
Brasov,2021,08,Netherlands,238
Brasov,2021,09,Netherlands,194
Brasov,2021,10,Netherlands,132
Brasov,2021,11,Netherlands,62
Brasov,2021,12,Netherlands,82
Brasov,2021,01,Austria,32
Brasov,2021,02,Austria,30
Brasov,2021,03,Austria,29
Brasov,2021,04,Austria,22
Brasov,2021,05,Austria,32
Brasov,2021,06,Austria,59
Brasov,2021,07,Austria,154
Brasov,2021,08,Austria,212
Brasov,2021,09,Austria,174
Brasov,2021,10,Austria,118
Brasov,2021,11,Austria,56
Brasov,2021,12,Austria,73
Brasov,2021,01,China,24
Brasov,2021,02,China,22
Brasov,2021,03,China,21
Brasov,2021,04,China,16
Brasov,2021,05,China,23
Brasov,2021,06,China,43
Brasov,2021,07,China,112
Brasov,2021,08,China,155
Brasov,2021,09,China,127
Brasov,2021,10,China,86
Brasov,2021,11,China,41
Brasov,2021,12,China,54
Brasov,2021,01,Serbia,23
Brasov,2021,02,Serbia,21
Brasov,2021,03,Serbia,21
Brasov,2021,04,Serbia,16
Brasov,2021,05,Serbia,23
Brasov,2021,06,Serbia,43
Brasov,2021,07,Serbia,111
Brasov,2021,08,Serbia,153
Brasov,2021,09,Serbia,125
Brasov,2021,10,Serbia,85
Brasov,2021,11,Serbia,40
Brasov,2021,12,Serbia,53
Brasov,2021,01,Belgium,21
Brasov,2021,02,Belgium,20
Brasov,2021,03,Belgium,19
Brasov,2021,04,Belgium,15
Brasov,2021,05,Belgium,21
Brasov,2021,06,Belgium,39
Brasov,2021,07,Belgium,102
Brasov,2021,08,Belgium,140
Brasov,2021,09,Belgium,115
Brasov,2021,10,Belgium,78
Brasov,2021,11,Belgium,37
Brasov,2021,12,Belgium,48
Brasov,2021,01,Switzerland,19
Brasov,2021,02,Switzerland,18
Brasov,2021,03,Switzerland,18
Brasov,2021,04,Switzerland,13
Brasov,2021,05,Switzerland,19
Brasov,2021,06,Switzerland,35
Brasov,2021,07,Switzerland,91
Brasov,2021,08,Switzerland,126
Brasov,2021,09,Switzerland,103
Brasov,2021,10,Switzerland,70
Brasov,2021,11,Switzerland,33
Brasov,2021,12,Switzerland,44
Brasov,2022,01,Other countries,830
Brasov,2022,02,Other countries,694
Brasov,2022,03,Other countries,890
Brasov,2022,04,Other countries,1144
Brasov,2022,05,Other countries,1337
Brasov,2022,06,Other countries,1860
Brasov,2022,07,Other countries,2239
Brasov,2022,08,Other countries,2586
Brasov,2022,09,Other countries,2305
Brasov,2022,10,Other countries,1691
Brasov,2022,11,Other countries,1077
Brasov,2022,12,Other countries,1400
Brasov,2022,01,Germany,722
Brasov,2022,02,Germany,604
Brasov,2022,03,Germany,774
Brasov,2022,04,Germany,995
Brasov,2022,05,Germany,1164
Brasov,2022,06,Germany,1619
Brasov,2022,07,Germany,1949
Brasov,2022,08,Germany,2251
Brasov,2022,09,Germany,2006
Brasov,2022,10,Germany,1471
Brasov,2022,11,Germany,937
Brasov,2022,12,Germany,1218
Brasov,2022,01,Israel,444
Brasov,2022,02,Israel,371
Brasov,2022,03,Israel,476
Brasov,2022,04,Israel,612
Brasov,2022,05,Israel,716
Brasov,2022,06,Israel,995
Brasov,2022,07,Israel,1198
Brasov,2022,08,Israel,1384
Brasov,2022,09,Israel,1234
Brasov,2022,10,Israel,905
Brasov,2022,11,Israel,576
Brasov,2022,12,Israel,749
Brasov,2022,01,Italy,362
Brasov,2022,02,Italy,303
Brasov,2022,03,Italy,388
Brasov,2022,04,Italy,499
Brasov,2022,05,Italy,584
Brasov,2022,06,Italy,812
Brasov,2022,07,Italy,978
Brasov,2022,08,Italy,1129
Brasov,2022,09,Italy,1007
Brasov,2022,10,Italy,738
Brasov,2022,11,Italy,470
Brasov,2022,12,Italy,611
Brasov,2022,01,USA,263
Brasov,2022,02,USA,220
Brasov,2022,03,USA,282
Brasov,2022,04,USA,362
Brasov,2022,05,USA,423
Brasov,2022,06,USA,589
Brasov,2022,07,USA,709
Brasov,2022,08,USA,819
Brasov,2022,09,USA,730
Brasov,2022,10,USA,535
Brasov,2022,11,USA,341
Brasov,2022,12,USA,443
Brasov,2022,01,United Kingdom,261
Brasov,2022,02,United Kingdom,218
Brasov,2022,03,United Kingdom,280
Brasov,2022,04,United Kingdom,360
Brasov,2022,05,United Kingdom,421
Brasov,2022,06,United Kingdom,586
Brasov,2022,07,United Kingdom,705
Brasov,2022,08,United Kingdom,814
Brasov,2022,09,United Kingdom,726
Brasov,2022,10,United Kingdom,532
Brasov,2022,11,United Kingdom,339
Brasov,2022,12,United Kingdom,441
Brasov,2022,01,Spain,220
Brasov,2022,02,Spain,184
Brasov,2022,03,Spain,235
Brasov,2022,04,Spain,303
Brasov,2022,05,Spain,354
Brasov,2022,06,Spain,492
Brasov,2022,07,Spain,592
Brasov,2022,08,Spain,684
Brasov,2022,09,Spain,610
Brasov,2022,10,Spain,447
Brasov,2022,11,Spain,285
Brasov,2022,12,Spain,370
Brasov,2022,01,Poland,217
Brasov,2022,02,Poland,182
Brasov,2022,03,Poland,233
Brasov,2022,04,Poland,299
Brasov,2022,05,Poland,350
Brasov,2022,06,Poland,487
Brasov,2022,07,Poland,586
Brasov,2022,08,Poland,677
Brasov,2022,09,Poland,604
Brasov,2022,10,Poland,443
Brasov,2022,11,Poland,282
Brasov,2022,12,Poland,367
Brasov,2022,01,Hungary,212
Brasov,2022,02,Hungary,177
Brasov,2022,03,Hungary,228
Brasov,2022,04,Hungary,292
Brasov,2022,05,Hungary,342
Brasov,2022,06,Hungary,476
Brasov,2022,07,Hungary,573
Brasov,2022,08,Hungary,661
Brasov,2022,09,Hungary,590
Brasov,2022,10,Hungary,432
Brasov,2022,11,Hungary,275
Brasov,2022,12,Hungary,358
Brasov,2022,01,France,187
Brasov,2022,02,France,157
Brasov,2022,03,France,201
Brasov,2022,04,France,258
Brasov,2022,05,France,302
Brasov,2022,06,France,420
Brasov,2022,07,France,505
Brasov,2022,08,France,583
Brasov,2022,09,France,520
Brasov,2022,10,France,381
Brasov,2022,11,France,243
Brasov,2022,12,France,316
Brasov,2022,01,Ukraine,176
Brasov,2022,02,Ukraine,147
Brasov,2022,03,Ukraine,189
Brasov,2022,04,Ukraine,243
Brasov,2022,05,Ukraine,284
Brasov,2022,06,Ukraine,395
Brasov,2022,07,Ukraine,476
Brasov,2022,08,Ukraine,550
Brasov,2022,09,Ukraine,490
Brasov,2022,10,Ukraine,359
Brasov,2022,11,Ukraine,229
Brasov,2022,12,Ukraine,298
Brasov,2022,01,Moldova,169
Brasov,2022,02,Moldova,142
Brasov,2022,03,Moldova,181
Brasov,2022,04,Moldova,233
Brasov,2022,05,Moldova,273
Brasov,2022,06,Moldova,379
Brasov,2022,07,Moldova,457
Brasov,2022,08,Moldova,527
Brasov,2022,09,Moldova,470
Brasov,2022,10,Moldova,345
Brasov,2022,11,Moldova,220
Brasov,2022,12,Moldova,286
Brasov,2022,01,Bulgaria,162
Brasov,2022,02,Bulgaria,135
Brasov,2022,03,Bulgaria,174
Brasov,2022,04,Bulgaria,223
Brasov,2022,05,Bulgaria,261
Brasov,2022,06,Bulgaria,363
Brasov,2022,07,Bulgaria,437
Brasov,2022,08,Bulgaria,505
Brasov,2022,09,Bulgaria,450
Brasov,2022,10,Bulgaria,330
Brasov,2022,11,Bulgaria,210
Brasov,2022,12,Bulgaria,273
Brasov,2022,01,Turkey,114
Brasov,2022,02,Turkey,95
Brasov,2022,03,Turkey,122
Brasov,2022,04,Turkey,157
Brasov,2022,05,Turkey,183
Brasov,2022,06,Turkey,255
Brasov,2022,07,Turkey,307
Brasov,2022,08,Turkey,354
Brasov,2022,09,Turkey,316
Brasov,2022,10,Turkey,231
Brasov,2022,11,Turkey,147
Brasov,2022,12,Turkey,192
Brasov,2022,01,Greece,102
Brasov,2022,02,Greece,85
Brasov,2022,03,Greece,110
Brasov,2022,04,Greece,141
Brasov,2022,05,Greece,165
Brasov,2022,06,Greece,229
Brasov,2022,07,Greece,276
Brasov,2022,08,Greece,318
Brasov,2022,09,Greece,284
Brasov,2022,10,Greece,208
Brasov,2022,11,Greece,133
Brasov,2022,12,Greece,172
Brasov,2022,01,Netherlands,101
Brasov,2022,02,Netherlands,85
Brasov,2022,03,Netherlands,108
Brasov,2022,04,Netherlands,139
Brasov,2022,05,Netherlands,163
Brasov,2022,06,Netherlands,227
Brasov,2022,07,Netherlands,273
Brasov,2022,08,Netherlands,315
Brasov,2022,09,Netherlands,281
Brasov,2022,10,Netherlands,206
Brasov,2022,11,Netherlands,131
Brasov,2022,12,Netherlands,171
Brasov,2022,01,Austria,90
Brasov,2022,02,Austria,76
Brasov,2022,03,Austria,97
Brasov,2022,04,Austria,125
Brasov,2022,05,Austria,146
Brasov,2022,06,Austria,203
Brasov,2022,07,Austria,244
Brasov,2022,08,Austria,282
Brasov,2022,09,Austria,251
Brasov,2022,10,Austria,184
Brasov,2022,11,Austria,117
Brasov,2022,12,Austria,152
Brasov,2022,01,China,66
Brasov,2022,02,China,55
Brasov,2022,03,China,71
Brasov,2022,04,China,91
Brasov,2022,05,China,106
Brasov,2022,06,China,148
Brasov,2022,07,China,178
Brasov,2022,08,China,205
Brasov,2022,09,China,183
Brasov,2022,10,China,134
Brasov,2022,11,China,86
Brasov,2022,12,China,111
Brasov,2022,01,Serbia,65
Brasov,2022,02,Serbia,54
Brasov,2022,03,Serbia,70
Brasov,2022,04,Serbia,90
Brasov,2022,05,Serbia,105
Brasov,2022,06,Serbia,146
Brasov,2022,07,Serbia,176
Brasov,2022,08,Serbia,203
Brasov,2022,09,Serbia,181
Brasov,2022,10,Serbia,133
Brasov,2022,11,Serbia,85
Brasov,2022,12,Serbia,110
Brasov,2022,01,Belgium,60
Brasov,2022,02,Belgium,50
Brasov,2022,03,Belgium,64
Brasov,2022,04,Belgium,82
Brasov,2022,05,Belgium,96
Brasov,2022,06,Belgium,134
Brasov,2022,07,Belgium,161
Brasov,2022,08,Belgium,186
Brasov,2022,09,Belgium,166
Brasov,2022,10,Belgium,122
Brasov,2022,11,Belgium,77
Brasov,2022,12,Belgium,101
Brasov,2022,01,Switzerland,54
Brasov,2022,02,Switzerland,45
Brasov,2022,03,Switzerland,58
Brasov,2022,04,Switzerland,74
Brasov,2022,05,Switzerland,86
Brasov,2022,06,Switzerland,120
Brasov,2022,07,Switzerland,145
Brasov,2022,08,Switzerland,167
Brasov,2022,09,Switzerland,149
Brasov,2022,10,Switzerland,109
Brasov,2022,11,Switzerland,70
Brasov,2022,12,Switzerland,91
Brasov,2023,01,Other countries,1645
Brasov,2023,02,Other countries,1484
Brasov,2023,03,Other countries,1469
Brasov,2023,04,Other countries,2002
Brasov,2023,05,Other countries,2635
Brasov,2023,06,Other countries,2581
Brasov,2023,07,Other countries,3544
Brasov,2023,08,Other countries,4059
Brasov,2023,09,Other countries,3698
Brasov,2023,10,Other countries,2646
Brasov,2023,11,Other countries,1460
Brasov,2023,12,Other countries,1471
Brasov,2023,01,Germany,1319
Brasov,2023,02,Germany,1189
Brasov,2023,03,Germany,1178
Brasov,2023,04,Germany,1605
Brasov,2023,05,Germany,2112
Brasov,2023,06,Germany,2069
Brasov,2023,07,Germany,2841
Brasov,2023,08,Germany,3253
Brasov,2023,09,Germany,2964
Brasov,2023,10,Germany,2120
Brasov,2023,11,Germany,1171
Brasov,2023,12,Germany,1179
Brasov,2023,01,Italy,802
Brasov,2023,02,Italy,723
Brasov,2023,03,Italy,716
Brasov,2023,04,Italy,976
Brasov,2023,05,Italy,1284
Brasov,2023,06,Italy,1258
Brasov,2023,07,Italy,1727
Brasov,2023,08,Italy,1977
Brasov,2023,09,Italy,1802
Brasov,2023,10,Italy,1289
Brasov,2023,11,Italy,711
Brasov,2023,12,Italy,717
Brasov,2023,01,Israel,646
Brasov,2023,02,Israel,583
Brasov,2023,03,Israel,577
Brasov,2023,04,Israel,786
Brasov,2023,05,Israel,1035
Brasov,2023,06,Israel,1014
Brasov,2023,07,Israel,1392
Brasov,2023,08,Israel,1594
Brasov,2023,09,Israel,1453
Brasov,2023,10,Israel,1039
Brasov,2023,11,Israel,574
Brasov,2023,12,Israel,578
Brasov,2023,01,USA,521
Brasov,2023,02,USA,470
Brasov,2023,03,USA,465
Brasov,2023,04,USA,634
Brasov,2023,05,USA,834
Brasov,2023,06,USA,817
Brasov,2023,07,USA,1122
Brasov,2023,08,USA,1285
Brasov,2023,09,USA,1171
Brasov,2023,10,USA,837
Brasov,2023,11,USA,462
Brasov,2023,12,USA,466
Brasov,2023,01,United Kingdom,518
Brasov,2023,02,United Kingdom,467
Brasov,2023,03,United Kingdom,462
Brasov,2023,04,United Kingdom,630
Brasov,2023,05,United Kingdom,829
Brasov,2023,06,United Kingdom,812
Brasov,2023,07,United Kingdom,1115
Brasov,2023,08,United Kingdom,1277
Brasov,2023,09,United Kingdom,1164
Brasov,2023,10,United Kingdom,833
Brasov,2023,11,United Kingdom,460
Brasov,2023,12,United Kingdom,463
Brasov,2023,01,Spain,435
Brasov,2023,02,Spain,392
Brasov,2023,03,Spain,389
Brasov,2023,04,Spain,530
Brasov,2023,05,Spain,697
Brasov,2023,06,Spain,683
Brasov,2023,07,Spain,938
Brasov,2023,08,Spain,1074
Brasov,2023,09,Spain,978
Brasov,2023,10,Spain,700
Brasov,2023,11,Spain,386
Brasov,2023,12,Spain,389
Brasov,2023,01,Poland,431
Brasov,2023,02,Poland,388
Brasov,2023,03,Poland,385
Brasov,2023,04,Poland,524
Brasov,2023,05,Poland,690
Brasov,2023,06,Poland,676
Brasov,2023,07,Poland,928
Brasov,2023,08,Poland,1063
Brasov,2023,09,Poland,968
Brasov,2023,10,Poland,693
Brasov,2023,11,Poland,382
Brasov,2023,12,Poland,385
Brasov,2023,01,Hungary,421
Brasov,2023,02,Hungary,379
Brasov,2023,03,Hungary,376
Brasov,2023,04,Hungary,512
Brasov,2023,05,Hungary,674
Brasov,2023,06,Hungary,660
Brasov,2023,07,Hungary,907
Brasov,2023,08,Hungary,1038
Brasov,2023,09,Hungary,946
Brasov,2023,10,Hungary,677
Brasov,2023,11,Hungary,374
Brasov,2023,12,Hungary,376
Brasov,2023,01,France,371
Brasov,2023,02,France,335
Brasov,2023,03,France,332
Brasov,2023,04,France,452
Brasov,2023,05,France,595
Brasov,2023,06,France,582
Brasov,2023,07,France,800
Brasov,2023,08,France,916
Brasov,2023,09,France,835
Brasov,2023,10,France,597
Brasov,2023,11,France,330
Brasov,2023,12,France,332
Brasov,2023,01,Ukraine,350
Brasov,2023,02,Ukraine,315
Brasov,2023,03,Ukraine,312
Brasov,2023,04,Ukraine,426
Brasov,2023,05,Ukraine,560
Brasov,2023,06,Ukraine,549
Brasov,2023,07,Ukraine,753
Brasov,2023,08,Ukraine,863
Brasov,2023,09,Ukraine,786
Brasov,2023,10,Ukraine,562
Brasov,2023,11,Ukraine,310
Brasov,2023,12,Ukraine,313
Brasov,2023,01,Moldova,336
Brasov,2023,02,Moldova,303
Brasov,2023,03,Moldova,300
Brasov,2023,04,Moldova,408
Brasov,2023,05,Moldova,538
Brasov,2023,06,Moldova,526
Brasov,2023,07,Moldova,723
Brasov,2023,08,Moldova,828
Brasov,2023,09,Moldova,754
Brasov,2023,10,Moldova,540
Brasov,2023,11,Moldova,298
Brasov,2023,12,Moldova,300
Brasov,2023,01,Bulgaria,321
Brasov,2023,02,Bulgaria,289
Brasov,2023,03,Bulgaria,287
Brasov,2023,04,Bulgaria,391
Brasov,2023,05,Bulgaria,514
Brasov,2023,06,Bulgaria,504
Brasov,2023,07,Bulgaria,692
Brasov,2023,08,Bulgaria,792
Brasov,2023,09,Bulgaria,722
Brasov,2023,10,Bulgaria,516
Brasov,2023,11,Bulgaria,285
Brasov,2023,12,Bulgaria,287
Brasov,2023,01,Turkey,225
Brasov,2023,02,Turkey,203
Brasov,2023,03,Turkey,201
Brasov,2023,04,Turkey,274
Brasov,2023,05,Turkey,361
Brasov,2023,06,Turkey,353
Brasov,2023,07,Turkey,485
Brasov,2023,08,Turkey,556
Brasov,2023,09,Turkey,506
Brasov,2023,10,Turkey,362
Brasov,2023,11,Turkey,200
Brasov,2023,12,Turkey,201
Brasov,2023,01,Greece,202
Brasov,2023,02,Greece,183
Brasov,2023,03,Greece,181
Brasov,2023,04,Greece,246
Brasov,2023,05,Greece,324
Brasov,2023,06,Greece,318
Brasov,2023,07,Greece,436
Brasov,2023,08,Greece,499
Brasov,2023,09,Greece,455
Brasov,2023,10,Greece,326
Brasov,2023,11,Greece,180
Brasov,2023,12,Greece,181
Brasov,2023,01,Netherlands,200
Brasov,2023,02,Netherlands,181
Brasov,2023,03,Netherlands,179
Brasov,2023,04,Netherlands,244
Brasov,2023,05,Netherlands,321
Brasov,2023,06,Netherlands,314
Brasov,2023,07,Netherlands,432
Brasov,2023,08,Netherlands,494
Brasov,2023,09,Netherlands,451
Brasov,2023,10,Netherlands,322
Brasov,2023,11,Netherlands,178
Brasov,2023,12,Netherlands,179
Brasov,2023,01,Austria,179
Brasov,2023,02,Austria,162
Brasov,2023,03,Austria,160
Brasov,2023,04,Austria,218
Brasov,2023,05,Austria,287
Brasov,2023,06,Austria,281
Brasov,2023,07,Austria,386
Brasov,2023,08,Austria,442
Brasov,2023,09,Austria,403
Brasov,2023,10,Austria,288
Brasov,2023,11,Austria,159
Brasov,2023,12,Austria,160
Brasov,2023,01,China,131
Brasov,2023,02,China,118
Brasov,2023,03,China,117
Brasov,2023,04,China,159
Brasov,2023,05,China,209
Brasov,2023,06,China,205
Brasov,2023,07,China,282
Brasov,2023,08,China,322
Brasov,2023,09,China,294
Brasov,2023,10,China,210
Brasov,2023,11,China,116
Brasov,2023,12,China,117
Brasov,2023,01,Serbia,129
Brasov,2023,02,Serbia,116
Brasov,2023,03,Serbia,115
Brasov,2023,04,Serbia,157
Brasov,2023,05,Serbia,207
Brasov,2023,06,Serbia,203
Brasov,2023,07,Serbia,278
Brasov,2023,08,Serbia,319
Brasov,2023,09,Serbia,290
Brasov,2023,10,Serbia,208
Brasov,2023,11,Serbia,115
Brasov,2023,12,Serbia,116
Brasov,2023,01,Belgium,118
Brasov,2023,02,Belgium,107
Brasov,2023,03,Belgium,106
Brasov,2023,04,Belgium,144
Brasov,2023,05,Belgium,190
Brasov,2023,06,Belgium,186
Brasov,2023,07,Belgium,255
Brasov,2023,08,Belgium,292
Brasov,2023,09,Belgium,266
Brasov,2023,10,Belgium,190
Brasov,2023,11,Belgium,105
Brasov,2023,12,Belgium,106
Brasov,2023,01,Switzerland,106
Brasov,2023,02,Switzerland,96
Brasov,2023,03,Switzerland,95
Brasov,2023,04,Switzerland,130
Brasov,2023,05,Switzerland,170
Brasov,2023,06,Switzerland,167
Brasov,2023,07,Switzerland,229
Brasov,2023,08,Switzerland,263
Brasov,2023,09,Switzerland,239
Brasov,2023,10,Switzerland,171
Brasov,2023,11,Switzerland,94
Brasov,2023,12,Switzerland,95
Brasov,2024,01,Other countries,1589
Brasov,2024,02,Other countries,1358
Brasov,2024,03,Other countries,1633
Brasov,2024,04,Other countries,2328
Brasov,2024,05,Other countries,3402
Brasov,2024,06,Other countries,3125
Brasov,2024,07,Other countries,3915
Brasov,2024,08,Other countries,4474
Brasov,2024,09,Other countries,3827
Brasov,2024,10,Other countries,2793
Brasov,2024,11,Other countries,2064
Brasov,2024,12,Other countries,1965
Brasov,2024,01,Germany,1217
Brasov,2024,02,Germany,1040
Brasov,2024,03,Germany,1251
Brasov,2024,04,Germany,1783
Brasov,2024,05,Germany,2605
Brasov,2024,06,Germany,2394
Brasov,2024,07,Germany,2999
Brasov,2024,08,Germany,3427
Brasov,2024,09,Germany,2931
Brasov,2024,10,Germany,2139
Brasov,2024,11,Germany,1581
Brasov,2024,12,Germany,1505
Brasov,2024,01,Italy,771
Brasov,2024,02,Italy,659
Brasov,2024,03,Italy,792
Brasov,2024,04,Italy,1129
Brasov,2024,05,Italy,1649
Brasov,2024,06,Italy,1515
Brasov,2024,07,Italy,1898
Brasov,2024,08,Italy,2169
Brasov,2024,09,Italy,1856
Brasov,2024,10,Italy,1354
Brasov,2024,11,Italy,1001
Brasov,2024,12,Italy,953
Brasov,2024,01,Israel,547
Brasov,2024,02,Israel,467
Brasov,2024,03,Israel,562
Brasov,2024,04,Israel,801
Brasov,2024,05,Israel,1170
Brasov,2024,06,Israel,1075
Brasov,2024,07,Israel,1347
Brasov,2024,08,Israel,1539
Brasov,2024,09,Israel,1317
Brasov,2024,10,Israel,961
Brasov,2024,11,Israel,710
Brasov,2024,12,Israel,676
Brasov,2024,01,USA,503
Brasov,2024,02,USA,430
Brasov,2024,03,USA,517
Brasov,2024,04,USA,737
Brasov,2024,05,USA,1077
Brasov,2024,06,USA,989
Brasov,2024,07,USA,1239
Brasov,2024,08,USA,1416
Brasov,2024,09,USA,1211
Brasov,2024,10,USA,884
Brasov,2024,11,USA,653
Brasov,2024,12,USA,622
Brasov,2024,01,United Kingdom,500
Brasov,2024,02,United Kingdom,428
Brasov,2024,03,United Kingdom,514
Brasov,2024,04,United Kingdom,733
Brasov,2024,05,United Kingdom,1071
Brasov,2024,06,United Kingdom,984
Brasov,2024,07,United Kingdom,1232
Brasov,2024,08,United Kingdom,1408
Brasov,2024,09,United Kingdom,1204
Brasov,2024,10,United Kingdom,879
Brasov,2024,11,United Kingdom,650
Brasov,2024,12,United Kingdom,618
Brasov,2024,01,Spain,420
Brasov,2024,02,Spain,359
Brasov,2024,03,Spain,432
Brasov,2024,04,Spain,616
Brasov,2024,05,Spain,900
Brasov,2024,06,Spain,827
Brasov,2024,07,Spain,1036
Brasov,2024,08,Spain,1183
Brasov,2024,09,Spain,1012
Brasov,2024,10,Spain,739
Brasov,2024,11,Spain,546
Brasov,2024,12,Spain,520
Brasov,2024,01,Poland,416
Brasov,2024,02,Poland,356
Brasov,2024,03,Poland,427
Brasov,2024,04,Poland,609
Brasov,2024,05,Poland,890
Brasov,2024,06,Poland,818
Brasov,2024,07,Poland,1025
Brasov,2024,08,Poland,1171
Brasov,2024,09,Poland,1002
Brasov,2024,10,Poland,731
Brasov,2024,11,Poland,540
Brasov,2024,12,Poland,514
Brasov,2024,01,Hungary,406
Brasov,2024,02,Hungary,347
Brasov,2024,03,Hungary,418
Brasov,2024,04,Hungary,596
Brasov,2024,05,Hungary,870
Brasov,2024,06,Hungary,799
Brasov,2024,07,Hungary,1001
Brasov,2024,08,Hungary,1144
Brasov,2024,09,Hungary,979
Brasov,2024,10,Hungary,714
Brasov,2024,11,Hungary,528
Brasov,2024,12,Hungary,503
Brasov,2024,01,France,359
Brasov,2024,02,France,307
Brasov,2024,03,France,369
Brasov,2024,04,France,525
Brasov,2024,05,France,767
Brasov,2024,06,France,705
Brasov,2024,07,France,883
Brasov,2024,08,France,1009
Brasov,2024,09,France,863
Brasov,2024,10,France,630
Brasov,2024,11,France,466
Brasov,2024,12,France,443
Brasov,2024,01,Ukraine,338
Brasov,2024,02,Ukraine,289
Brasov,2024,03,Ukraine,347
Brasov,2024,04,Ukraine,495
Brasov,2024,05,Ukraine,723
Brasov,2024,06,Ukraine,664
Brasov,2024,07,Ukraine,832
Brasov,2024,08,Ukraine,951
Brasov,2024,09,Ukraine,813
Brasov,2024,10,Ukraine,594
Brasov,2024,11,Ukraine,439
Brasov,2024,12,Ukraine,418
Brasov,2024,01,Moldova,324
Brasov,2024,02,Moldova,277
Brasov,2024,03,Moldova,333
Brasov,2024,04,Moldova,475
Brasov,2024,05,Moldova,694
Brasov,2024,06,Moldova,638
Brasov,2024,07,Moldova,799
Brasov,2024,08,Moldova,913
Brasov,2024,09,Moldova,781
Brasov,2024,10,Moldova,570
Brasov,2024,11,Moldova,421
Brasov,2024,12,Moldova,401
Brasov,2024,01,Bulgaria,310
Brasov,2024,02,Bulgaria,265
Brasov,2024,03,Bulgaria,319
Brasov,2024,04,Bulgaria,454
Brasov,2024,05,Bulgaria,664
Brasov,2024,06,Bulgaria,610
Brasov,2024,07,Bulgaria,764
Brasov,2024,08,Bulgaria,873
Brasov,2024,09,Bulgaria,747
Brasov,2024,10,Bulgaria,545
Brasov,2024,11,Bulgaria,403
Brasov,2024,12,Bulgaria,383
Brasov,2024,01,Turkey,218
Brasov,2024,02,Turkey,186
Brasov,2024,03,Turkey,224
Brasov,2024,04,Turkey,319
Brasov,2024,05,Turkey,466
Brasov,2024,06,Turkey,428
Brasov,2024,07,Turkey,536
Brasov,2024,08,Turkey,613
Brasov,2024,09,Turkey,524
Brasov,2024,10,Turkey,382
Brasov,2024,11,Turkey,283
Brasov,2024,12,Turkey,269
Brasov,2024,01,Greece,196
Brasov,2024,02,Greece,167
Brasov,2024,03,Greece,201
Brasov,2024,04,Greece,287
Brasov,2024,05,Greece,419
Brasov,2024,06,Greece,385
Brasov,2024,07,Greece,482
Brasov,2024,08,Greece,551
Brasov,2024,09,Greece,471
Brasov,2024,10,Greece,344
Brasov,2024,11,Greece,254
Brasov,2024,12,Greece,242
Brasov,2024,01,Netherlands,194
Brasov,2024,02,Netherlands,165
Brasov,2024,03,Netherlands,199
Brasov,2024,04,Netherlands,284
Brasov,2024,05,Netherlands,414
Brasov,2024,06,Netherlands,381
Brasov,2024,07,Netherlands,477
Brasov,2024,08,Netherlands,545
Brasov,2024,09,Netherlands,466
Brasov,2024,10,Netherlands,340
Brasov,2024,11,Netherlands,251
Brasov,2024,12,Netherlands,239
Brasov,2024,01,Austria,173
Brasov,2024,02,Austria,148
Brasov,2024,03,Austria,178
Brasov,2024,04,Austria,254
Brasov,2024,05,Austria,370
Brasov,2024,06,Austria,340
Brasov,2024,07,Austria,426
Brasov,2024,08,Austria,487
Brasov,2024,09,Austria,417
Brasov,2024,10,Austria,304
Brasov,2024,11,Austria,225
Brasov,2024,12,Austria,214
Brasov,2024,01,China,126
Brasov,2024,02,China,108
Brasov,2024,03,China,130
Brasov,2024,04,China,185
Brasov,2024,05,China,270
Brasov,2024,06,China,248
Brasov,2024,07,China,311
Brasov,2024,08,China,355
Brasov,2024,09,China,304
Brasov,2024,10,China,222
Brasov,2024,11,China,164
Brasov,2024,12,China,156
Brasov,2024,01,Serbia,125
Brasov,2024,02,Serbia,107
Brasov,2024,03,Serbia,128
Brasov,2024,04,Serbia,183
Brasov,2024,05,Serbia,267
Brasov,2024,06,Serbia,245
Brasov,2024,07,Serbia,307
Brasov,2024,08,Serbia,351
Brasov,2024,09,Serbia,301
Brasov,2024,10,Serbia,219
Brasov,2024,11,Serbia,162
Brasov,2024,12,Serbia,154
Brasov,2024,01,Belgium,114
Brasov,2024,02,Belgium,98
Brasov,2024,03,Belgium,117
Brasov,2024,04,Belgium,167
Brasov,2024,05,Belgium,245
Brasov,2024,06,Belgium,225
Brasov,2024,07,Belgium,282
Brasov,2024,08,Belgium,322
Brasov,2024,09,Belgium,275
Brasov,2024,10,Belgium,201
Brasov,2024,11,Belgium,148
Brasov,2024,12,Belgium,141
Brasov,2024,01,Switzerland,103
Brasov,2024,02,Switzerland,88
Brasov,2024,03,Switzerland,106
Brasov,2024,04,Switzerland,151
Brasov,2024,05,Switzerland,220
Brasov,2024,06,Switzerland,202
Brasov,2024,07,Switzerland,253
Brasov,2024,08,Switzerland,289
Brasov,2024,09,Switzerland,247
Brasov,2024,10,Switzerland,181
Brasov,2024,11,Switzerland,133
Brasov,2024,12,Switzerland,127
Brasov,2025,01,Other countries,1932
Brasov,2025,02,Other countries,1352
Brasov,2025,03,Other countries,1648
Brasov,2025,04,Other countries,2496
Brasov,2025,05,Other countries,3475
Brasov,2025,06,Other countries,3624
Brasov,2025,07,Other countries,4003
Brasov,2025,08,Other countries,4854
Brasov,2025,09,Other countries,4496
Brasov,2025,10,Other countries,3893
Brasov,2025,11,Other countries,1981
Brasov,2025,12,Other countries,2203
Brasov,2025,01,Germany,1395
Brasov,2025,02,Germany,976
Brasov,2025,03,Germany,1190
Brasov,2025,04,Germany,1803
Brasov,2025,05,Germany,2510
Brasov,2025,06,Germany,2617
Brasov,2025,07,Germany,2891
Brasov,2025,08,Germany,3506
Brasov,2025,09,Germany,3247
Brasov,2025,10,Germany,2811
Brasov,2025,11,Germany,1431
Brasov,2025,12,Germany,1591
Brasov,2025,01,Italy,909
Brasov,2025,02,Italy,636
Brasov,2025,03,Italy,775
Brasov,2025,04,Italy,1174
Brasov,2025,05,Italy,1635
Brasov,2025,06,Italy,1704
Brasov,2025,07,Italy,1883
Brasov,2025,08,Italy,2283
Brasov,2025,09,Italy,2114
Brasov,2025,10,Italy,1831
Brasov,2025,11,Italy,932
Brasov,2025,12,Italy,1036
Brasov,2025,01,Israel,737
Brasov,2025,02,Israel,516
Brasov,2025,03,Israel,629
Brasov,2025,04,Israel,952
Brasov,2025,05,Israel,1326
Brasov,2025,06,Israel,1383
Brasov,2025,07,Israel,1528
Brasov,2025,08,Israel,1852
Brasov,2025,09,Israel,1716
Brasov,2025,10,Israel,1486
Brasov,2025,11,Israel,756
Brasov,2025,12,Israel,841
Brasov,2025,01,USA,612
Brasov,2025,02,USA,428
Brasov,2025,03,USA,521
Brasov,2025,04,USA,790
Brasov,2025,05,USA,1100
Brasov,2025,06,USA,1147
Brasov,2025,07,USA,1267
Brasov,2025,08,USA,1536
Brasov,2025,09,USA,1423
Brasov,2025,10,USA,1232
Brasov,2025,11,USA,627
Brasov,2025,12,USA,697
Brasov,2025,01,United Kingdom,608
Brasov,2025,02,United Kingdom,426
Brasov,2025,03,United Kingdom,519
Brasov,2025,04,United Kingdom,785
Brasov,2025,05,United Kingdom,1094
Brasov,2025,06,United Kingdom,1140
Brasov,2025,07,United Kingdom,1260
Brasov,2025,08,United Kingdom,1528
Brasov,2025,09,United Kingdom,1415
Brasov,2025,10,United Kingdom,1225
Brasov,2025,11,United Kingdom,624
Brasov,2025,12,United Kingdom,693
Brasov,2025,01,Spain,511
Brasov,2025,02,Spain,358
Brasov,2025,03,Spain,436
Brasov,2025,04,Spain,660
Brasov,2025,05,Spain,919
Brasov,2025,06,Spain,959
Brasov,2025,07,Spain,1059
Brasov,2025,08,Spain,1284
Brasov,2025,09,Spain,1189
Brasov,2025,10,Spain,1030
Brasov,2025,11,Spain,524
Brasov,2025,12,Spain,583
Brasov,2025,01,Poland,506
Brasov,2025,02,Poland,354
Brasov,2025,03,Poland,431
Brasov,2025,04,Poland,653
Brasov,2025,05,Poland,910
Brasov,2025,06,Poland,948
Brasov,2025,07,Poland,1048
Brasov,2025,08,Poland,1271
Brasov,2025,09,Poland,1177
Brasov,2025,10,Poland,1019
Brasov,2025,11,Poland,519
Brasov,2025,12,Poland,577
Brasov,2025,01,Hungary,494
Brasov,2025,02,Hungary,346
Brasov,2025,03,Hungary,421
Brasov,2025,04,Hungary,638
Brasov,2025,05,Hungary,889
Brasov,2025,06,Hungary,927
Brasov,2025,07,Hungary,1024
Brasov,2025,08,Hungary,1242
Brasov,2025,09,Hungary,1150
Brasov,2025,10,Hungary,996
Brasov,2025,11,Hungary,507
Brasov,2025,12,Hungary,564
Brasov,2025,01,France,436
Brasov,2025,02,France,305
Brasov,2025,03,France,372
Brasov,2025,04,France,563
Brasov,2025,05,France,784
Brasov,2025,06,France,818
Brasov,2025,07,France,903
Brasov,2025,08,France,1095
Brasov,2025,09,France,1014
Brasov,2025,10,France,878
Brasov,2025,11,France,447
Brasov,2025,12,France,497
Brasov,2025,01,Ukraine,411
Brasov,2025,02,Ukraine,287
Brasov,2025,03,Ukraine,350
Brasov,2025,04,Ukraine,531
Brasov,2025,05,Ukraine,739
Brasov,2025,06,Ukraine,770
Brasov,2025,07,Ukraine,851
Brasov,2025,08,Ukraine,1032
Brasov,2025,09,Ukraine,956
Brasov,2025,10,Ukraine,827
Brasov,2025,11,Ukraine,421
Brasov,2025,12,Ukraine,468
Brasov,2025,01,Moldova,394
Brasov,2025,02,Moldova,276
Brasov,2025,03,Moldova,336
Brasov,2025,04,Moldova,509
Brasov,2025,05,Moldova,709
Brasov,2025,06,Moldova,739
Brasov,2025,07,Moldova,816
Brasov,2025,08,Moldova,990
Brasov,2025,09,Moldova,917
Brasov,2025,10,Moldova,794
Brasov,2025,11,Moldova,404
Brasov,2025,12,Moldova,449
Brasov,2025,01,Bulgaria,377
Brasov,2025,02,Bulgaria,264
Brasov,2025,03,Bulgaria,321
Brasov,2025,04,Bulgaria,487
Brasov,2025,05,Bulgaria,678
Brasov,2025,06,Bulgaria,707
Brasov,2025,07,Bulgaria,781
Brasov,2025,08,Bulgaria,947
Brasov,2025,09,Bulgaria,877
Brasov,2025,10,Bulgaria,760
Brasov,2025,11,Bulgaria,387
Brasov,2025,12,Bulgaria,430
Brasov,2025,01,Turkey,265
Brasov,2025,02,Turkey,185
Brasov,2025,03,Turkey,226
Brasov,2025,04,Turkey,342
Brasov,2025,05,Turkey,476
Brasov,2025,06,Turkey,496
Brasov,2025,07,Turkey,548
Brasov,2025,08,Turkey,665
Brasov,2025,09,Turkey,616
Brasov,2025,10,Turkey,533
Brasov,2025,11,Turkey,271
Brasov,2025,12,Turkey,302
Brasov,2025,01,Greece,238
Brasov,2025,02,Greece,166
Brasov,2025,03,Greece,203
Brasov,2025,04,Greece,307
Brasov,2025,05,Greece,428
Brasov,2025,06,Greece,446
Brasov,2025,07,Greece,493
Brasov,2025,08,Greece,597
Brasov,2025,09,Greece,553
Brasov,2025,10,Greece,479
Brasov,2025,11,Greece,244
Brasov,2025,12,Greece,271
Brasov,2025,01,Netherlands,235
Brasov,2025,02,Netherlands,165
Brasov,2025,03,Netherlands,201
Brasov,2025,04,Netherlands,304
Brasov,2025,05,Netherlands,423
Brasov,2025,06,Netherlands,441
Brasov,2025,07,Netherlands,488
Brasov,2025,08,Netherlands,591
Brasov,2025,09,Netherlands,548
Brasov,2025,10,Netherlands,474
Brasov,2025,11,Netherlands,241
Brasov,2025,12,Netherlands,268
Brasov,2025,01,Austria,210
Brasov,2025,02,Austria,147
Brasov,2025,03,Austria,179
Brasov,2025,04,Austria,272
Brasov,2025,05,Austria,378
Brasov,2025,06,Austria,395
Brasov,2025,07,Austria,436
Brasov,2025,08,Austria,529
Brasov,2025,09,Austria,489
Brasov,2025,10,Austria,424
Brasov,2025,11,Austria,216
Brasov,2025,12,Austria,240
Brasov,2025,01,China,154
Brasov,2025,02,China,107
Brasov,2025,03,China,131
Brasov,2025,04,China,198
Brasov,2025,05,China,276
Brasov,2025,06,China,288
Brasov,2025,07,China,318
Brasov,2025,08,China,386
Brasov,2025,09,China,357
Brasov,2025,10,China,309
Brasov,2025,11,China,157
Brasov,2025,12,China,175
Brasov,2025,01,Serbia,152
Brasov,2025,02,Serbia,106
Brasov,2025,03,Serbia,129
Brasov,2025,04,Serbia,196
Brasov,2025,05,Serbia,273
Brasov,2025,06,Serbia,285
Brasov,2025,07,Serbia,314
Brasov,2025,08,Serbia,381
Brasov,2025,09,Serbia,353
Brasov,2025,10,Serbia,306
Brasov,2025,11,Serbia,156
Brasov,2025,12,Serbia,173
Brasov,2025,01,Belgium,139
Brasov,2025,02,Belgium,97
Brasov,2025,03,Belgium,118
Brasov,2025,04,Belgium,180
Brasov,2025,05,Belgium,250
Brasov,2025,06,Belgium,261
Brasov,2025,07,Belgium,288
Brasov,2025,08,Belgium,349
Brasov,2025,09,Belgium,323
Brasov,2025,10,Belgium,280
Brasov,2025,11,Belgium,143
Brasov,2025,12,Belgium,158
Brasov,2025,01,Switzerland,125
Brasov,2025,02,Switzerland,87
Brasov,2025,03,Switzerland,107
Brasov,2025,04,Switzerland,161
Brasov,2025,05,Switzerland,225
Brasov,2025,06,Switzerland,234
Brasov,2025,07,Switzerland,259
Brasov,2025,08,Switzerland,314
Brasov,2025,09,Switzerland,291
Brasov,2025,10,Switzerland,252
Brasov,2025,11,Switzerland,128
Brasov,2025,12,Switzerland,142
Sibiu,2020,01,Other countries,688
Sibiu,2020,02,Other countries,665
Sibiu,2020,03,Other countries,269
Sibiu,2020,05,Other countries,2
Sibiu,2020,06,Other countries,137
Sibiu,2020,07,Other countries,510
Sibiu,2020,08,Other countries,414
Sibiu,2020,09,Other countries,374
Sibiu,2020,10,Other countries,271
Sibiu,2020,11,Other countries,121
Sibiu,2020,12,Other countries,107
Sibiu,2020,01,Germany,660
Sibiu,2020,02,Germany,638
Sibiu,2020,03,Germany,258
Sibiu,2020,05,Germany,2
Sibiu,2020,06,Germany,132
Sibiu,2020,07,Germany,490
Sibiu,2020,08,Germany,398
Sibiu,2020,09,Germany,359
Sibiu,2020,10,Germany,261
Sibiu,2020,11,Germany,116
Sibiu,2020,12,Germany,102
Sibiu,2020,01,Italy,321
Sibiu,2020,02,Italy,310
Sibiu,2020,03,Italy,125
Sibiu,2020,05,Italy,1
Sibiu,2020,06,Italy,64
Sibiu,2020,07,Italy,238
Sibiu,2020,08,Italy,193
Sibiu,2020,09,Italy,174
Sibiu,2020,10,Italy,127
Sibiu,2020,11,Italy,57
Sibiu,2020,12,Italy,50
Sibiu,2020,01,Israel,282
Sibiu,2020,02,Israel,273
Sibiu,2020,03,Israel,110
Sibiu,2020,05,Israel,1
Sibiu,2020,06,Israel,56
Sibiu,2020,07,Israel,209
Sibiu,2020,08,Israel,170
Sibiu,2020,09,Israel,153
Sibiu,2020,10,Israel,111
Sibiu,2020,11,Israel,50
Sibiu,2020,12,Israel,44
Sibiu,2020,01,USA,218
Sibiu,2020,02,USA,210
Sibiu,2020,03,USA,85
Sibiu,2020,05,USA,1
Sibiu,2020,06,USA,43
Sibiu,2020,07,USA,161
Sibiu,2020,08,USA,131
Sibiu,2020,09,USA,118
Sibiu,2020,10,USA,86
Sibiu,2020,11,USA,38
Sibiu,2020,12,USA,34
Sibiu,2020,01,United Kingdom,216
Sibiu,2020,02,United Kingdom,209
Sibiu,2020,03,United Kingdom,85
Sibiu,2020,05,United Kingdom,1
Sibiu,2020,06,United Kingdom,43
Sibiu,2020,07,United Kingdom,161
Sibiu,2020,08,United Kingdom,130
Sibiu,2020,09,United Kingdom,118
Sibiu,2020,10,United Kingdom,85
Sibiu,2020,11,United Kingdom,38
Sibiu,2020,12,United Kingdom,34
Sibiu,2020,01,Spain,182
Sibiu,2020,02,Spain,176
Sibiu,2020,03,Spain,71
Sibiu,2020,05,Spain,0
Sibiu,2020,06,Spain,36
Sibiu,2020,07,Spain,135
Sibiu,2020,08,Spain,110
Sibiu,2020,09,Spain,99
Sibiu,2020,10,Spain,72
Sibiu,2020,11,Spain,32
Sibiu,2020,12,Spain,28
Sibiu,2020,01,Poland,180
Sibiu,2020,02,Poland,174
Sibiu,2020,03,Poland,70
Sibiu,2020,05,Poland,0
Sibiu,2020,06,Poland,36
Sibiu,2020,07,Poland,134
Sibiu,2020,08,Poland,108
Sibiu,2020,09,Poland,98
Sibiu,2020,10,Poland,71
Sibiu,2020,11,Poland,32
Sibiu,2020,12,Poland,28
Sibiu,2020,01,Hungary,176
Sibiu,2020,02,Hungary,170
Sibiu,2020,03,Hungary,69
Sibiu,2020,05,Hungary,0
Sibiu,2020,06,Hungary,35
Sibiu,2020,07,Hungary,131
Sibiu,2020,08,Hungary,106
Sibiu,2020,09,Hungary,96
Sibiu,2020,10,Hungary,69
Sibiu,2020,11,Hungary,31
Sibiu,2020,12,Hungary,27
Sibiu,2020,01,France,155
Sibiu,2020,02,France,150
Sibiu,2020,03,France,61
Sibiu,2020,05,France,0
Sibiu,2020,06,France,31
Sibiu,2020,07,France,115
Sibiu,2020,08,France,94
Sibiu,2020,09,France,84
Sibiu,2020,10,France,61
Sibiu,2020,11,France,27
Sibiu,2020,12,France,24
Sibiu,2020,01,Ukraine,146
Sibiu,2020,02,Ukraine,141
Sibiu,2020,03,Ukraine,57
Sibiu,2020,05,Ukraine,0
Sibiu,2020,06,Ukraine,29
Sibiu,2020,07,Ukraine,108
Sibiu,2020,08,Ukraine,88
Sibiu,2020,09,Ukraine,79
Sibiu,2020,10,Ukraine,58
Sibiu,2020,11,Ukraine,26
Sibiu,2020,12,Ukraine,23
Sibiu,2020,01,Moldova,140
Sibiu,2020,02,Moldova,136
Sibiu,2020,03,Moldova,55
Sibiu,2020,05,Moldova,0
Sibiu,2020,06,Moldova,28
Sibiu,2020,07,Moldova,104
Sibiu,2020,08,Moldova,85
Sibiu,2020,09,Moldova,76
Sibiu,2020,10,Moldova,55
Sibiu,2020,11,Moldova,25
Sibiu,2020,12,Moldova,22
Sibiu,2020,01,Bulgaria,134
Sibiu,2020,02,Bulgaria,130
Sibiu,2020,03,Bulgaria,52
Sibiu,2020,05,Bulgaria,0
Sibiu,2020,06,Bulgaria,27
Sibiu,2020,07,Bulgaria,100
Sibiu,2020,08,Bulgaria,81
Sibiu,2020,09,Bulgaria,73
Sibiu,2020,10,Bulgaria,53
Sibiu,2020,11,Bulgaria,24
Sibiu,2020,12,Bulgaria,21
Sibiu,2020,01,Turkey,94
Sibiu,2020,02,Turkey,91
Sibiu,2020,03,Turkey,37
Sibiu,2020,05,Turkey,0
Sibiu,2020,06,Turkey,19
Sibiu,2020,07,Turkey,70
Sibiu,2020,08,Turkey,57
Sibiu,2020,09,Turkey,51
Sibiu,2020,10,Turkey,37
Sibiu,2020,11,Turkey,17
Sibiu,2020,12,Turkey,15
Sibiu,2020,01,Greece,85
Sibiu,2020,02,Greece,82
Sibiu,2020,03,Greece,33
Sibiu,2020,05,Greece,0
Sibiu,2020,06,Greece,17
Sibiu,2020,07,Greece,63
Sibiu,2020,08,Greece,51
Sibiu,2020,09,Greece,46
Sibiu,2020,10,Greece,33
Sibiu,2020,11,Greece,15
Sibiu,2020,12,Greece,13
Sibiu,2020,01,Netherlands,84
Sibiu,2020,02,Netherlands,81
Sibiu,2020,03,Netherlands,33
Sibiu,2020,05,Netherlands,0
Sibiu,2020,06,Netherlands,17
Sibiu,2020,07,Netherlands,62
Sibiu,2020,08,Netherlands,51
Sibiu,2020,09,Netherlands,46
Sibiu,2020,10,Netherlands,33
Sibiu,2020,11,Netherlands,15
Sibiu,2020,12,Netherlands,13
Sibiu,2020,01,Austria,75
Sibiu,2020,02,Austria,72
Sibiu,2020,03,Austria,29
Sibiu,2020,05,Austria,0
Sibiu,2020,06,Austria,15
Sibiu,2020,07,Austria,56
Sibiu,2020,08,Austria,45
Sibiu,2020,09,Austria,41
Sibiu,2020,10,Austria,30
Sibiu,2020,11,Austria,13
Sibiu,2020,12,Austria,12
Sibiu,2020,01,China,55
Sibiu,2020,02,China,53
Sibiu,2020,03,China,21
Sibiu,2020,05,China,0
Sibiu,2020,06,China,11
Sibiu,2020,07,China,41
Sibiu,2020,08,China,33
Sibiu,2020,09,China,30
Sibiu,2020,10,China,22
Sibiu,2020,11,China,10
Sibiu,2020,12,China,8
Sibiu,2020,01,Serbia,54
Sibiu,2020,02,Serbia,52
Sibiu,2020,03,Serbia,21
Sibiu,2020,05,Serbia,0
Sibiu,2020,06,Serbia,11
Sibiu,2020,07,Serbia,40
Sibiu,2020,08,Serbia,32
Sibiu,2020,09,Serbia,29
Sibiu,2020,10,Serbia,21
Sibiu,2020,11,Serbia,10
Sibiu,2020,12,Serbia,8
Sibiu,2020,01,Belgium,49
Sibiu,2020,02,Belgium,48
Sibiu,2020,03,Belgium,19
Sibiu,2020,05,Belgium,0
Sibiu,2020,06,Belgium,10
Sibiu,2020,07,Belgium,37
Sibiu,2020,08,Belgium,30
Sibiu,2020,09,Belgium,27
Sibiu,2020,10,Belgium,20
Sibiu,2020,11,Belgium,9
Sibiu,2020,12,Belgium,8
Sibiu,2020,01,Switzerland,44
Sibiu,2020,02,Switzerland,43
Sibiu,2020,03,Switzerland,17
Sibiu,2020,05,Switzerland,0
Sibiu,2020,06,Switzerland,9
Sibiu,2020,07,Switzerland,33
Sibiu,2020,08,Switzerland,27
Sibiu,2020,09,Switzerland,24
Sibiu,2020,10,Switzerland,18
Sibiu,2020,11,Switzerland,8
Sibiu,2020,12,Switzerland,7
Sibiu,2021,01,Germany,113
Sibiu,2021,02,Germany,146
Sibiu,2021,03,Germany,146
Sibiu,2021,04,Germany,169
Sibiu,2021,05,Germany,336
Sibiu,2021,06,Germany,603
Sibiu,2021,07,Germany,2212
Sibiu,2021,08,Germany,2711
Sibiu,2021,09,Germany,2022
Sibiu,2021,10,Germany,1105
Sibiu,2021,11,Germany,848
Sibiu,2021,12,Germany,490
Sibiu,2021,01,Other countries,97
Sibiu,2021,02,Other countries,125
Sibiu,2021,03,Other countries,125
Sibiu,2021,04,Other countries,144
Sibiu,2021,05,Other countries,288
Sibiu,2021,06,Other countries,517
Sibiu,2021,07,Other countries,1895
Sibiu,2021,08,Other countries,2322
Sibiu,2021,09,Other countries,1732
Sibiu,2021,10,Other countries,947
Sibiu,2021,11,Other countries,726
Sibiu,2021,12,Other countries,420
Sibiu,2021,01,Italy,46
Sibiu,2021,02,Italy,60
Sibiu,2021,03,Italy,60
Sibiu,2021,04,Italy,70
Sibiu,2021,05,Italy,138
Sibiu,2021,06,Italy,249
Sibiu,2021,07,Italy,912
Sibiu,2021,08,Italy,1117
Sibiu,2021,09,Italy,834
Sibiu,2021,10,Italy,455
Sibiu,2021,11,Italy,349
Sibiu,2021,12,Italy,202
Sibiu,2021,01,Israel,32
Sibiu,2021,02,Israel,41
Sibiu,2021,03,Israel,41
Sibiu,2021,04,Israel,48
Sibiu,2021,05,Israel,95
Sibiu,2021,06,Israel,171
Sibiu,2021,07,Israel,626
Sibiu,2021,08,Israel,767
Sibiu,2021,09,Israel,572
Sibiu,2021,10,Israel,313
Sibiu,2021,11,Israel,240
Sibiu,2021,12,Israel,139
Sibiu,2021,01,USA,31
Sibiu,2021,02,USA,40
Sibiu,2021,03,USA,40
Sibiu,2021,04,USA,46
Sibiu,2021,05,USA,91
Sibiu,2021,06,USA,164
Sibiu,2021,07,USA,600
Sibiu,2021,08,USA,735
Sibiu,2021,09,USA,548
Sibiu,2021,10,USA,300
Sibiu,2021,11,USA,230
Sibiu,2021,12,USA,133
Sibiu,2021,01,United Kingdom,30
Sibiu,2021,02,United Kingdom,39
Sibiu,2021,03,United Kingdom,39
Sibiu,2021,04,United Kingdom,45
Sibiu,2021,05,United Kingdom,91
Sibiu,2021,06,United Kingdom,163
Sibiu,2021,07,United Kingdom,596
Sibiu,2021,08,United Kingdom,731
Sibiu,2021,09,United Kingdom,545
Sibiu,2021,10,United Kingdom,298
Sibiu,2021,11,United Kingdom,229
Sibiu,2021,12,United Kingdom,132
Sibiu,2021,01,Spain,26
Sibiu,2021,02,Spain,33
Sibiu,2021,03,Spain,33
Sibiu,2021,04,Spain,38
Sibiu,2021,05,Spain,76
Sibiu,2021,06,Spain,137
Sibiu,2021,07,Spain,501
Sibiu,2021,08,Spain,614
Sibiu,2021,09,Spain,458
Sibiu,2021,10,Spain,250
Sibiu,2021,11,Spain,192
Sibiu,2021,12,Spain,111
Sibiu,2021,01,Poland,25
Sibiu,2021,02,Poland,33
Sibiu,2021,03,Poland,33
Sibiu,2021,04,Poland,38
Sibiu,2021,05,Poland,75
Sibiu,2021,06,Poland,135
Sibiu,2021,07,Poland,496
Sibiu,2021,08,Poland,608
Sibiu,2021,09,Poland,453
Sibiu,2021,10,Poland,248
Sibiu,2021,11,Poland,190
Sibiu,2021,12,Poland,110
Sibiu,2021,01,Hungary,25
Sibiu,2021,02,Hungary,32
Sibiu,2021,03,Hungary,32
Sibiu,2021,04,Hungary,37
Sibiu,2021,05,Hungary,74
Sibiu,2021,06,Hungary,132
Sibiu,2021,07,Hungary,485
Sibiu,2021,08,Hungary,594
Sibiu,2021,09,Hungary,443
Sibiu,2021,10,Hungary,242
Sibiu,2021,11,Hungary,186
Sibiu,2021,12,Hungary,107
Sibiu,2021,01,France,22
Sibiu,2021,02,France,28
Sibiu,2021,03,France,28
Sibiu,2021,04,France,33
Sibiu,2021,05,France,65
Sibiu,2021,06,France,117
Sibiu,2021,07,France,428
Sibiu,2021,08,France,524
Sibiu,2021,09,France,391
Sibiu,2021,10,France,214
Sibiu,2021,11,France,164
Sibiu,2021,12,France,95
Sibiu,2021,01,Ukraine,21
Sibiu,2021,02,Ukraine,27
Sibiu,2021,03,Ukraine,27
Sibiu,2021,04,Ukraine,31
Sibiu,2021,05,Ukraine,61
Sibiu,2021,06,Ukraine,110
Sibiu,2021,07,Ukraine,403
Sibiu,2021,08,Ukraine,494
Sibiu,2021,09,Ukraine,368
Sibiu,2021,10,Ukraine,201
Sibiu,2021,11,Ukraine,154
Sibiu,2021,12,Ukraine,89
Sibiu,2021,01,Moldova,20
Sibiu,2021,02,Moldova,26
Sibiu,2021,03,Moldova,26
Sibiu,2021,04,Moldova,29
Sibiu,2021,05,Moldova,59
Sibiu,2021,06,Moldova,105
Sibiu,2021,07,Moldova,387
Sibiu,2021,08,Moldova,474
Sibiu,2021,09,Moldova,353
Sibiu,2021,10,Moldova,193
Sibiu,2021,11,Moldova,148
Sibiu,2021,12,Moldova,86
Sibiu,2021,01,Bulgaria,19
Sibiu,2021,02,Bulgaria,24
Sibiu,2021,03,Bulgaria,24
Sibiu,2021,04,Bulgaria,28
Sibiu,2021,05,Bulgaria,56
Sibiu,2021,06,Bulgaria,101
Sibiu,2021,07,Bulgaria,370
Sibiu,2021,08,Bulgaria,453
Sibiu,2021,09,Bulgaria,338
Sibiu,2021,10,Bulgaria,185
Sibiu,2021,11,Bulgaria,142
Sibiu,2021,12,Bulgaria,82
Sibiu,2021,01,Turkey,13
Sibiu,2021,02,Turkey,17
Sibiu,2021,03,Turkey,17
Sibiu,2021,04,Turkey,20
Sibiu,2021,05,Turkey,39
Sibiu,2021,06,Turkey,71
Sibiu,2021,07,Turkey,259
Sibiu,2021,08,Turkey,318
Sibiu,2021,09,Turkey,237
Sibiu,2021,10,Turkey,130
Sibiu,2021,11,Turkey,99
Sibiu,2021,12,Turkey,57
Sibiu,2021,01,Greece,12
Sibiu,2021,02,Greece,15
Sibiu,2021,03,Greece,15
Sibiu,2021,04,Greece,18
Sibiu,2021,05,Greece,35
Sibiu,2021,06,Greece,64
Sibiu,2021,07,Greece,233
Sibiu,2021,08,Greece,286
Sibiu,2021,09,Greece,213
Sibiu,2021,10,Greece,116
Sibiu,2021,11,Greece,89
Sibiu,2021,12,Greece,52
Sibiu,2021,01,Netherlands,12
Sibiu,2021,02,Netherlands,15
Sibiu,2021,03,Netherlands,15
Sibiu,2021,04,Netherlands,18
Sibiu,2021,05,Netherlands,35
Sibiu,2021,06,Netherlands,63
Sibiu,2021,07,Netherlands,231
Sibiu,2021,08,Netherlands,283
Sibiu,2021,09,Netherlands,211
Sibiu,2021,10,Netherlands,115
Sibiu,2021,11,Netherlands,89
Sibiu,2021,12,Netherlands,51
Sibiu,2021,01,Austria,11
Sibiu,2021,02,Austria,14
Sibiu,2021,03,Austria,14
Sibiu,2021,04,Austria,16
Sibiu,2021,05,Austria,31
Sibiu,2021,06,Austria,56
Sibiu,2021,07,Austria,206
Sibiu,2021,08,Austria,253
Sibiu,2021,09,Austria,189
Sibiu,2021,10,Austria,103
Sibiu,2021,11,Austria,79
Sibiu,2021,12,Austria,46
Sibiu,2021,01,China,8
Sibiu,2021,02,China,10
Sibiu,2021,03,China,10
Sibiu,2021,04,China,11
Sibiu,2021,05,China,23
Sibiu,2021,06,China,41
Sibiu,2021,07,China,151
Sibiu,2021,08,China,185
Sibiu,2021,09,China,138
Sibiu,2021,10,China,75
Sibiu,2021,11,China,58
Sibiu,2021,12,China,33
Sibiu,2021,01,Serbia,8
Sibiu,2021,02,Serbia,10
Sibiu,2021,03,Serbia,10
Sibiu,2021,04,Serbia,11
Sibiu,2021,05,Serbia,23
Sibiu,2021,06,Serbia,41
Sibiu,2021,07,Serbia,149
Sibiu,2021,08,Serbia,182
Sibiu,2021,09,Serbia,136
Sibiu,2021,10,Serbia,74
Sibiu,2021,11,Serbia,57
Sibiu,2021,12,Serbia,33
Sibiu,2021,01,Belgium,7
Sibiu,2021,02,Belgium,9
Sibiu,2021,03,Belgium,9
Sibiu,2021,04,Belgium,10
Sibiu,2021,05,Belgium,21
Sibiu,2021,06,Belgium,37
Sibiu,2021,07,Belgium,136
Sibiu,2021,08,Belgium,167
Sibiu,2021,09,Belgium,125
Sibiu,2021,10,Belgium,68
Sibiu,2021,11,Belgium,52
Sibiu,2021,12,Belgium,30
Sibiu,2021,01,Switzerland,6
Sibiu,2021,02,Switzerland,8
Sibiu,2021,03,Switzerland,8
Sibiu,2021,04,Switzerland,9
Sibiu,2021,05,Switzerland,19
Sibiu,2021,06,Switzerland,33
Sibiu,2021,07,Switzerland,123
Sibiu,2021,08,Switzerland,150
Sibiu,2021,09,Switzerland,112
Sibiu,2021,10,Switzerland,61
Sibiu,2021,11,Switzerland,47
Sibiu,2021,12,Switzerland,27
Sibiu,2022,01,Germany,357
Sibiu,2022,02,Germany,385
Sibiu,2022,03,Germany,599
Sibiu,2022,04,Germany,812
Sibiu,2022,05,Germany,1184
Sibiu,2022,06,Germany,1589
Sibiu,2022,07,Germany,2361
Sibiu,2022,08,Germany,2708
Sibiu,2022,09,Germany,1994
Sibiu,2022,10,Germany,1535
Sibiu,2022,11,Germany,930
Sibiu,2022,12,Germany,825
Sibiu,2022,01,Other countries,348
Sibiu,2022,02,Other countries,376
Sibiu,2022,03,Other countries,584
Sibiu,2022,04,Other countries,792
Sibiu,2022,05,Other countries,1155
Sibiu,2022,06,Other countries,1549
Sibiu,2022,07,Other countries,2302
Sibiu,2022,08,Other countries,2640
Sibiu,2022,09,Other countries,1944
Sibiu,2022,10,Other countries,1497
Sibiu,2022,11,Other countries,906
Sibiu,2022,12,Other countries,805
Sibiu,2022,01,Israel,186
Sibiu,2022,02,Israel,201
Sibiu,2022,03,Israel,313
Sibiu,2022,04,Israel,424
Sibiu,2022,05,Israel,618
Sibiu,2022,06,Israel,829
Sibiu,2022,07,Israel,1232
Sibiu,2022,08,Israel,1413
Sibiu,2022,09,Israel,1040
Sibiu,2022,10,Israel,801
Sibiu,2022,11,Israel,485
Sibiu,2022,12,Israel,431
Sibiu,2022,01,Italy,152
Sibiu,2022,02,Italy,164
Sibiu,2022,03,Italy,255
Sibiu,2022,04,Italy,346
Sibiu,2022,05,Italy,504
Sibiu,2022,06,Italy,677
Sibiu,2022,07,Italy,1005
Sibiu,2022,08,Italy,1153
Sibiu,2022,09,Italy,849
Sibiu,2022,10,Italy,654
Sibiu,2022,11,Italy,396
Sibiu,2022,12,Italy,351
Sibiu,2022,01,USA,110
Sibiu,2022,02,USA,119
Sibiu,2022,03,USA,185
Sibiu,2022,04,USA,251
Sibiu,2022,05,USA,365
Sibiu,2022,06,USA,490
Sibiu,2022,07,USA,728
Sibiu,2022,08,USA,836
Sibiu,2022,09,USA,615
Sibiu,2022,10,USA,474
Sibiu,2022,11,USA,287
Sibiu,2022,12,USA,255
Sibiu,2022,01,United Kingdom,109
Sibiu,2022,02,United Kingdom,118
Sibiu,2022,03,United Kingdom,184
Sibiu,2022,04,United Kingdom,249
Sibiu,2022,05,United Kingdom,363
Sibiu,2022,06,United Kingdom,488
Sibiu,2022,07,United Kingdom,724
Sibiu,2022,08,United Kingdom,831
Sibiu,2022,09,United Kingdom,612
Sibiu,2022,10,United Kingdom,471
Sibiu,2022,11,United Kingdom,285
Sibiu,2022,12,United Kingdom,253
Sibiu,2022,01,Spain,92
Sibiu,2022,02,Spain,99
Sibiu,2022,03,Spain,155
Sibiu,2022,04,Spain,209
Sibiu,2022,05,Spain,305
Sibiu,2022,06,Spain,410
Sibiu,2022,07,Spain,609
Sibiu,2022,08,Spain,698
Sibiu,2022,09,Spain,514
Sibiu,2022,10,Spain,396
Sibiu,2022,11,Spain,240
Sibiu,2022,12,Spain,213
Sibiu,2022,01,Poland,91
Sibiu,2022,02,Poland,98
Sibiu,2022,03,Poland,153
Sibiu,2022,04,Poland,207
Sibiu,2022,05,Poland,302
Sibiu,2022,06,Poland,406
Sibiu,2022,07,Poland,602
Sibiu,2022,08,Poland,691
Sibiu,2022,09,Poland,509
Sibiu,2022,10,Poland,392
Sibiu,2022,11,Poland,237
Sibiu,2022,12,Poland,211
Sibiu,2022,01,Hungary,89
Sibiu,2022,02,Hungary,96
Sibiu,2022,03,Hungary,149
Sibiu,2022,04,Hungary,203
Sibiu,2022,05,Hungary,295
Sibiu,2022,06,Hungary,396
Sibiu,2022,07,Hungary,589
Sibiu,2022,08,Hungary,675
Sibiu,2022,09,Hungary,497
Sibiu,2022,10,Hungary,383
Sibiu,2022,11,Hungary,232
Sibiu,2022,12,Hungary,206
Sibiu,2022,01,France,78
Sibiu,2022,02,France,85
Sibiu,2022,03,France,132
Sibiu,2022,04,France,179
Sibiu,2022,05,France,261
Sibiu,2022,06,France,350
Sibiu,2022,07,France,519
Sibiu,2022,08,France,596
Sibiu,2022,09,France,439
Sibiu,2022,10,France,338
Sibiu,2022,11,France,205
Sibiu,2022,12,France,182
Sibiu,2022,01,Ukraine,74
Sibiu,2022,02,Ukraine,80
Sibiu,2022,03,Ukraine,124
Sibiu,2022,04,Ukraine,168
Sibiu,2022,05,Ukraine,245
Sibiu,2022,06,Ukraine,329
Sibiu,2022,07,Ukraine,489
Sibiu,2022,08,Ukraine,561
Sibiu,2022,09,Ukraine,413
Sibiu,2022,10,Ukraine,318
Sibiu,2022,11,Ukraine,193
Sibiu,2022,12,Ukraine,171
Sibiu,2022,01,Moldova,71
Sibiu,2022,02,Moldova,77
Sibiu,2022,03,Moldova,119
Sibiu,2022,04,Moldova,162
Sibiu,2022,05,Moldova,236
Sibiu,2022,06,Moldova,316
Sibiu,2022,07,Moldova,469
Sibiu,2022,08,Moldova,539
Sibiu,2022,09,Moldova,397
Sibiu,2022,10,Moldova,305
Sibiu,2022,11,Moldova,185
Sibiu,2022,12,Moldova,164
Sibiu,2022,01,Bulgaria,68
Sibiu,2022,02,Bulgaria,73
Sibiu,2022,03,Bulgaria,114
Sibiu,2022,04,Bulgaria,155
Sibiu,2022,05,Bulgaria,225
Sibiu,2022,06,Bulgaria,302
Sibiu,2022,07,Bulgaria,449
Sibiu,2022,08,Bulgaria,515
Sibiu,2022,09,Bulgaria,379
Sibiu,2022,10,Bulgaria,292
Sibiu,2022,11,Bulgaria,177
Sibiu,2022,12,Bulgaria,157
Sibiu,2022,01,Turkey,48
Sibiu,2022,02,Turkey,51
Sibiu,2022,03,Turkey,80
Sibiu,2022,04,Turkey,108
Sibiu,2022,05,Turkey,158
Sibiu,2022,06,Turkey,212
Sibiu,2022,07,Turkey,315
Sibiu,2022,08,Turkey,362
Sibiu,2022,09,Turkey,266
Sibiu,2022,10,Turkey,205
Sibiu,2022,11,Turkey,124
Sibiu,2022,12,Turkey,110
Sibiu,2022,01,Greece,43
Sibiu,2022,02,Greece,46
Sibiu,2022,03,Greece,72
Sibiu,2022,04,Greece,97
Sibiu,2022,05,Greece,142
Sibiu,2022,06,Greece,191
Sibiu,2022,07,Greece,283
Sibiu,2022,08,Greece,325
Sibiu,2022,09,Greece,239
Sibiu,2022,10,Greece,184
Sibiu,2022,11,Greece,112
Sibiu,2022,12,Greece,99
Sibiu,2022,01,Netherlands,42
Sibiu,2022,02,Netherlands,46
Sibiu,2022,03,Netherlands,71
Sibiu,2022,04,Netherlands,96
Sibiu,2022,05,Netherlands,141
Sibiu,2022,06,Netherlands,189
Sibiu,2022,07,Netherlands,280
Sibiu,2022,08,Netherlands,322
Sibiu,2022,09,Netherlands,237
Sibiu,2022,10,Netherlands,182
Sibiu,2022,11,Netherlands,110
Sibiu,2022,12,Netherlands,98
Sibiu,2022,01,Austria,38
Sibiu,2022,02,Austria,41
Sibiu,2022,03,Austria,64
Sibiu,2022,04,Austria,86
Sibiu,2022,05,Austria,126
Sibiu,2022,06,Austria,169
Sibiu,2022,07,Austria,251
Sibiu,2022,08,Austria,287
Sibiu,2022,09,Austria,212
Sibiu,2022,10,Austria,163
Sibiu,2022,11,Austria,99
Sibiu,2022,12,Austria,88
Sibiu,2022,01,China,28
Sibiu,2022,02,China,30
Sibiu,2022,03,China,46
Sibiu,2022,04,China,63
Sibiu,2022,05,China,92
Sibiu,2022,06,China,123
Sibiu,2022,07,China,183
Sibiu,2022,08,China,210
Sibiu,2022,09,China,155
Sibiu,2022,10,China,119
Sibiu,2022,11,China,72
Sibiu,2022,12,China,64
Sibiu,2022,01,Serbia,27
Sibiu,2022,02,Serbia,30
Sibiu,2022,03,Serbia,46
Sibiu,2022,04,Serbia,62
Sibiu,2022,05,Serbia,91
Sibiu,2022,06,Serbia,122
Sibiu,2022,07,Serbia,181
Sibiu,2022,08,Serbia,207
Sibiu,2022,09,Serbia,153
Sibiu,2022,10,Serbia,118
Sibiu,2022,11,Serbia,71
Sibiu,2022,12,Serbia,63
Sibiu,2022,01,Belgium,25
Sibiu,2022,02,Belgium,27
Sibiu,2022,03,Belgium,42
Sibiu,2022,04,Belgium,57
Sibiu,2022,05,Belgium,83
Sibiu,2022,06,Belgium,111
Sibiu,2022,07,Belgium,165
Sibiu,2022,08,Belgium,190
Sibiu,2022,09,Belgium,140
Sibiu,2022,10,Belgium,108
Sibiu,2022,11,Belgium,65
Sibiu,2022,12,Belgium,58
Sibiu,2022,01,Switzerland,22
Sibiu,2022,02,Switzerland,24
Sibiu,2022,03,Switzerland,38
Sibiu,2022,04,Switzerland,51
Sibiu,2022,05,Switzerland,75
Sibiu,2022,06,Switzerland,100
Sibiu,2022,07,Switzerland,149
Sibiu,2022,08,Switzerland,171
Sibiu,2022,09,Switzerland,126
Sibiu,2022,10,Switzerland,97
Sibiu,2022,11,Switzerland,59
Sibiu,2022,12,Switzerland,52
Sibiu,2023,01,Other countries,603
Sibiu,2023,02,Other countries,548
Sibiu,2023,03,Other countries,843
Sibiu,2023,04,Other countries,1357
Sibiu,2023,05,Other countries,2003
Sibiu,2023,06,Other countries,2442
Sibiu,2023,07,Other countries,3409
Sibiu,2023,08,Other countries,3564
Sibiu,2023,09,Other countries,2771
Sibiu,2023,10,Other countries,2123
Sibiu,2023,11,Other countries,1185
Sibiu,2023,12,Other countries,866
Sibiu,2023,01,Germany,568
Sibiu,2023,02,Germany,517
Sibiu,2023,03,Germany,795
Sibiu,2023,04,Germany,1280
Sibiu,2023,05,Germany,1889
Sibiu,2023,06,Germany,2303
Sibiu,2023,07,Germany,3214
Sibiu,2023,08,Germany,3361
Sibiu,2023,09,Germany,2613
Sibiu,2023,10,Germany,2002
Sibiu,2023,11,Germany,1117
Sibiu,2023,12,Germany,816
Sibiu,2023,01,Italy,294
Sibiu,2023,02,Italy,267
Sibiu,2023,03,Italy,411
Sibiu,2023,04,Italy,661
Sibiu,2023,05,Italy,976
Sibiu,2023,06,Italy,1190
Sibiu,2023,07,Italy,1661
Sibiu,2023,08,Italy,1736
Sibiu,2023,09,Italy,1350
Sibiu,2023,10,Italy,1034
Sibiu,2023,11,Italy,577
Sibiu,2023,12,Italy,422
Sibiu,2023,01,Israel,237
Sibiu,2023,02,Israel,215
Sibiu,2023,03,Israel,331
Sibiu,2023,04,Israel,533
Sibiu,2023,05,Israel,787
Sibiu,2023,06,Israel,959
Sibiu,2023,07,Israel,1339
Sibiu,2023,08,Israel,1400
Sibiu,2023,09,Israel,1088
Sibiu,2023,10,Israel,834
Sibiu,2023,11,Israel,465
Sibiu,2023,12,Israel,340
Sibiu,2023,01,USA,191
Sibiu,2023,02,USA,174
Sibiu,2023,03,USA,267
Sibiu,2023,04,USA,430
Sibiu,2023,05,USA,634
Sibiu,2023,06,USA,773
Sibiu,2023,07,USA,1079
Sibiu,2023,08,USA,1128
Sibiu,2023,09,USA,877
Sibiu,2023,10,USA,672
Sibiu,2023,11,USA,375
Sibiu,2023,12,USA,274
Sibiu,2023,01,United Kingdom,190
Sibiu,2023,02,United Kingdom,173
Sibiu,2023,03,United Kingdom,265
Sibiu,2023,04,United Kingdom,427
Sibiu,2023,05,United Kingdom,630
Sibiu,2023,06,United Kingdom,769
Sibiu,2023,07,United Kingdom,1073
Sibiu,2023,08,United Kingdom,1122
Sibiu,2023,09,United Kingdom,872
Sibiu,2023,10,United Kingdom,668
Sibiu,2023,11,United Kingdom,373
Sibiu,2023,12,United Kingdom,272
Sibiu,2023,01,Spain,159
Sibiu,2023,02,Spain,145
Sibiu,2023,03,Spain,223
Sibiu,2023,04,Spain,359
Sibiu,2023,05,Spain,530
Sibiu,2023,06,Spain,646
Sibiu,2023,07,Spain,902
Sibiu,2023,08,Spain,943
Sibiu,2023,09,Spain,733
Sibiu,2023,10,Spain,562
Sibiu,2023,11,Spain,313
Sibiu,2023,12,Spain,229
Sibiu,2023,01,Poland,158
Sibiu,2023,02,Poland,144
Sibiu,2023,03,Poland,221
Sibiu,2023,04,Poland,355
Sibiu,2023,05,Poland,524
Sibiu,2023,06,Poland,639
Sibiu,2023,07,Poland,892
Sibiu,2023,08,Poland,933
Sibiu,2023,09,Poland,725
Sibiu,2023,10,Poland,556
Sibiu,2023,11,Poland,310
Sibiu,2023,12,Poland,227
Sibiu,2023,01,Hungary,154
Sibiu,2023,02,Hungary,140
Sibiu,2023,03,Hungary,216
Sibiu,2023,04,Hungary,347
Sibiu,2023,05,Hungary,512
Sibiu,2023,06,Hungary,625
Sibiu,2023,07,Hungary,872
Sibiu,2023,08,Hungary,912
Sibiu,2023,09,Hungary,709
Sibiu,2023,10,Hungary,543
Sibiu,2023,11,Hungary,303
Sibiu,2023,12,Hungary,221
Sibiu,2023,01,France,136
Sibiu,2023,02,France,124
Sibiu,2023,03,France,190
Sibiu,2023,04,France,306
Sibiu,2023,05,France,452
Sibiu,2023,06,France,551
Sibiu,2023,07,France,769
Sibiu,2023,08,France,804
Sibiu,2023,09,France,625
Sibiu,2023,10,France,479
Sibiu,2023,11,France,267
Sibiu,2023,12,France,195
Sibiu,2023,01,Ukraine,128
Sibiu,2023,02,Ukraine,117
Sibiu,2023,03,Ukraine,179
Sibiu,2023,04,Ukraine,289
Sibiu,2023,05,Ukraine,426
Sibiu,2023,06,Ukraine,519
Sibiu,2023,07,Ukraine,725
Sibiu,2023,08,Ukraine,758
Sibiu,2023,09,Ukraine,589
Sibiu,2023,10,Ukraine,451
Sibiu,2023,11,Ukraine,252
Sibiu,2023,12,Ukraine,184
Sibiu,2023,01,Moldova,123
Sibiu,2023,02,Moldova,112
Sibiu,2023,03,Moldova,172
Sibiu,2023,04,Moldova,277
Sibiu,2023,05,Moldova,409
Sibiu,2023,06,Moldova,498
Sibiu,2023,07,Moldova,695
Sibiu,2023,08,Moldova,727
Sibiu,2023,09,Moldova,565
Sibiu,2023,10,Moldova,433
Sibiu,2023,11,Moldova,242
Sibiu,2023,12,Moldova,177
Sibiu,2023,01,Bulgaria,118
Sibiu,2023,02,Bulgaria,107
Sibiu,2023,03,Bulgaria,164
Sibiu,2023,04,Bulgaria,265
Sibiu,2023,05,Bulgaria,391
Sibiu,2023,06,Bulgaria,476
Sibiu,2023,07,Bulgaria,665
Sibiu,2023,08,Bulgaria,695
Sibiu,2023,09,Bulgaria,541
Sibiu,2023,10,Bulgaria,414
Sibiu,2023,11,Bulgaria,231
Sibiu,2023,12,Bulgaria,169
Sibiu,2023,01,Turkey,82
Sibiu,2023,02,Turkey,75
Sibiu,2023,03,Turkey,115
Sibiu,2023,04,Turkey,186
Sibiu,2023,05,Turkey,274
Sibiu,2023,06,Turkey,334
Sibiu,2023,07,Turkey,467
Sibiu,2023,08,Turkey,488
Sibiu,2023,09,Turkey,379
Sibiu,2023,10,Turkey,291
Sibiu,2023,11,Turkey,162
Sibiu,2023,12,Turkey,118
Sibiu,2023,01,Greece,74
Sibiu,2023,02,Greece,67
Sibiu,2023,03,Greece,104
Sibiu,2023,04,Greece,167
Sibiu,2023,05,Greece,247
Sibiu,2023,06,Greece,301
Sibiu,2023,07,Greece,419
Sibiu,2023,08,Greece,439
Sibiu,2023,09,Greece,341
Sibiu,2023,10,Greece,261
Sibiu,2023,11,Greece,146
Sibiu,2023,12,Greece,107
Sibiu,2023,01,Netherlands,73
Sibiu,2023,02,Netherlands,67
Sibiu,2023,03,Netherlands,103
Sibiu,2023,04,Netherlands,165
Sibiu,2023,05,Netherlands,244
Sibiu,2023,06,Netherlands,297
Sibiu,2023,07,Netherlands,415
Sibiu,2023,08,Netherlands,434
Sibiu,2023,09,Netherlands,338
Sibiu,2023,10,Netherlands,259
Sibiu,2023,11,Netherlands,144
Sibiu,2023,12,Netherlands,105
Sibiu,2023,01,Austria,66
Sibiu,2023,02,Austria,60
Sibiu,2023,03,Austria,92
Sibiu,2023,04,Austria,148
Sibiu,2023,05,Austria,218
Sibiu,2023,06,Austria,266
Sibiu,2023,07,Austria,371
Sibiu,2023,08,Austria,388
Sibiu,2023,09,Austria,302
Sibiu,2023,10,Austria,231
Sibiu,2023,11,Austria,129
Sibiu,2023,12,Austria,94
Sibiu,2023,01,China,48
Sibiu,2023,02,China,44
Sibiu,2023,03,China,67
Sibiu,2023,04,China,108
Sibiu,2023,05,China,159
Sibiu,2023,06,China,194
Sibiu,2023,07,China,271
Sibiu,2023,08,China,283
Sibiu,2023,09,China,220
Sibiu,2023,10,China,169
Sibiu,2023,11,China,94
Sibiu,2023,12,China,69
Sibiu,2023,01,Serbia,47
Sibiu,2023,02,Serbia,43
Sibiu,2023,03,Serbia,66
Sibiu,2023,04,Serbia,107
Sibiu,2023,05,Serbia,157
Sibiu,2023,06,Serbia,192
Sibiu,2023,07,Serbia,268
Sibiu,2023,08,Serbia,280
Sibiu,2023,09,Serbia,218
Sibiu,2023,10,Serbia,167
Sibiu,2023,11,Serbia,93
Sibiu,2023,12,Serbia,68
Sibiu,2023,01,Belgium,43
Sibiu,2023,02,Belgium,39
Sibiu,2023,03,Belgium,61
Sibiu,2023,04,Belgium,98
Sibiu,2023,05,Belgium,144
Sibiu,2023,06,Belgium,176
Sibiu,2023,07,Belgium,245
Sibiu,2023,08,Belgium,256
Sibiu,2023,09,Belgium,199
Sibiu,2023,10,Belgium,153
Sibiu,2023,11,Belgium,85
Sibiu,2023,12,Belgium,62
Sibiu,2023,01,Switzerland,39
Sibiu,2023,02,Switzerland,35
Sibiu,2023,03,Switzerland,54
Sibiu,2023,04,Switzerland,88
Sibiu,2023,05,Switzerland,130
Sibiu,2023,06,Switzerland,158
Sibiu,2023,07,Switzerland,220
Sibiu,2023,08,Switzerland,230
Sibiu,2023,09,Switzerland,179
Sibiu,2023,10,Switzerland,137
Sibiu,2023,11,Switzerland,77
Sibiu,2023,12,Switzerland,56
Sibiu,2024,01,Other countries,716
Sibiu,2024,02,Other countries,899
Sibiu,2024,03,Other countries,1084
Sibiu,2024,04,Other countries,1490
Sibiu,2024,05,Other countries,2348
Sibiu,2024,06,Other countries,2555
Sibiu,2024,07,Other countries,3653
Sibiu,2024,08,Other countries,4327
Sibiu,2024,09,Other countries,3141
Sibiu,2024,10,Other countries,2284
Sibiu,2024,11,Other countries,1395
Sibiu,2024,12,Other countries,1209
Sibiu,2024,01,Germany,644
Sibiu,2024,02,Germany,809
Sibiu,2024,03,Germany,976
Sibiu,2024,04,Germany,1341
Sibiu,2024,05,Germany,2114
Sibiu,2024,06,Germany,2300
Sibiu,2024,07,Germany,3289
Sibiu,2024,08,Germany,3896
Sibiu,2024,09,Germany,2828
Sibiu,2024,10,Germany,2056
Sibiu,2024,11,Germany,1256
Sibiu,2024,12,Germany,1089
Sibiu,2024,01,Italy,347
Sibiu,2024,02,Italy,436
Sibiu,2024,03,Italy,526
Sibiu,2024,04,Italy,722
Sibiu,2024,05,Italy,1139
Sibiu,2024,06,Italy,1239
Sibiu,2024,07,Italy,1771
Sibiu,2024,08,Italy,2098
Sibiu,2024,09,Italy,1523
Sibiu,2024,10,Italy,1107
Sibiu,2024,11,Italy,677
Sibiu,2024,12,Italy,587
Sibiu,2024,01,Israel,246
Sibiu,2024,02,Israel,309
Sibiu,2024,03,Israel,373
Sibiu,2024,04,Israel,513
Sibiu,2024,05,Israel,808
Sibiu,2024,06,Israel,879
Sibiu,2024,07,Israel,1257
Sibiu,2024,08,Israel,1489
Sibiu,2024,09,Israel,1081
Sibiu,2024,10,Israel,786
Sibiu,2024,11,Israel,480
Sibiu,2024,12,Israel,416
Sibiu,2024,01,USA,227
Sibiu,2024,02,USA,284
Sibiu,2024,03,USA,343
Sibiu,2024,04,USA,471
Sibiu,2024,05,USA,743
Sibiu,2024,06,USA,809
Sibiu,2024,07,USA,1156
Sibiu,2024,08,USA,1369
Sibiu,2024,09,USA,994
Sibiu,2024,10,USA,723
Sibiu,2024,11,USA,442
Sibiu,2024,12,USA,383
Sibiu,2024,01,United Kingdom,225
Sibiu,2024,02,United Kingdom,283
Sibiu,2024,03,United Kingdom,341
Sibiu,2024,04,United Kingdom,469
Sibiu,2024,05,United Kingdom,739
Sibiu,2024,06,United Kingdom,804
Sibiu,2024,07,United Kingdom,1150
Sibiu,2024,08,United Kingdom,1362
Sibiu,2024,09,United Kingdom,988
Sibiu,2024,10,United Kingdom,719
Sibiu,2024,11,United Kingdom,439
Sibiu,2024,12,United Kingdom,381
Sibiu,2024,01,Spain,189
Sibiu,2024,02,Spain,238
Sibiu,2024,03,Spain,287
Sibiu,2024,04,Spain,394
Sibiu,2024,05,Spain,621
Sibiu,2024,06,Spain,676
Sibiu,2024,07,Spain,966
Sibiu,2024,08,Spain,1145
Sibiu,2024,09,Spain,831
Sibiu,2024,10,Spain,604
Sibiu,2024,11,Spain,369
Sibiu,2024,12,Spain,320
Sibiu,2024,01,Poland,187
Sibiu,2024,02,Poland,235
Sibiu,2024,03,Poland,284
Sibiu,2024,04,Poland,390
Sibiu,2024,05,Poland,615
Sibiu,2024,06,Poland,669
Sibiu,2024,07,Poland,956
Sibiu,2024,08,Poland,1133
Sibiu,2024,09,Poland,822
Sibiu,2024,10,Poland,598
Sibiu,2024,11,Poland,365
Sibiu,2024,12,Poland,317
Sibiu,2024,01,Hungary,183
Sibiu,2024,02,Hungary,230
Sibiu,2024,03,Hungary,277
Sibiu,2024,04,Hungary,381
Sibiu,2024,05,Hungary,601
Sibiu,2024,06,Hungary,653
Sibiu,2024,07,Hungary,934
Sibiu,2024,08,Hungary,1107
Sibiu,2024,09,Hungary,803
Sibiu,2024,10,Hungary,584
Sibiu,2024,11,Hungary,357
Sibiu,2024,12,Hungary,309
Sibiu,2024,01,France,161
Sibiu,2024,02,France,203
Sibiu,2024,03,France,245
Sibiu,2024,04,France,336
Sibiu,2024,05,France,530
Sibiu,2024,06,France,576
Sibiu,2024,07,France,824
Sibiu,2024,08,France,976
Sibiu,2024,09,France,709
Sibiu,2024,10,France,515
Sibiu,2024,11,France,315
Sibiu,2024,12,France,273
Sibiu,2024,01,Ukraine,152
Sibiu,2024,02,Ukraine,191
Sibiu,2024,03,Ukraine,230
Sibiu,2024,04,Ukraine,317
Sibiu,2024,05,Ukraine,499
Sibiu,2024,06,Ukraine,543
Sibiu,2024,07,Ukraine,776
Sibiu,2024,08,Ukraine,920
Sibiu,2024,09,Ukraine,668
Sibiu,2024,10,Ukraine,485
Sibiu,2024,11,Ukraine,297
Sibiu,2024,12,Ukraine,257
Sibiu,2024,01,Moldova,146
Sibiu,2024,02,Moldova,183
Sibiu,2024,03,Moldova,221
Sibiu,2024,04,Moldova,304
Sibiu,2024,05,Moldova,479
Sibiu,2024,06,Moldova,521
Sibiu,2024,07,Moldova,745
Sibiu,2024,08,Moldova,883
Sibiu,2024,09,Moldova,641
Sibiu,2024,10,Moldova,466
Sibiu,2024,11,Moldova,285
Sibiu,2024,12,Moldova,247
Sibiu,2024,01,Bulgaria,140
Sibiu,2024,02,Bulgaria,175
Sibiu,2024,03,Bulgaria,211
Sibiu,2024,04,Bulgaria,291
Sibiu,2024,05,Bulgaria,458
Sibiu,2024,06,Bulgaria,498
Sibiu,2024,07,Bulgaria,713
Sibiu,2024,08,Bulgaria,844
Sibiu,2024,09,Bulgaria,613
Sibiu,2024,10,Bulgaria,446
Sibiu,2024,11,Bulgaria,272
Sibiu,2024,12,Bulgaria,236
Sibiu,2024,01,Turkey,98
Sibiu,2024,02,Turkey,123
Sibiu,2024,03,Turkey,148
Sibiu,2024,04,Turkey,204
Sibiu,2024,05,Turkey,321
Sibiu,2024,06,Turkey,350
Sibiu,2024,07,Turkey,500
Sibiu,2024,08,Turkey,592
Sibiu,2024,09,Turkey,430
Sibiu,2024,10,Turkey,313
Sibiu,2024,11,Turkey,191
Sibiu,2024,12,Turkey,166
Sibiu,2024,01,Greece,88
Sibiu,2024,02,Greece,111
Sibiu,2024,03,Greece,133
Sibiu,2024,04,Greece,183
Sibiu,2024,05,Greece,289
Sibiu,2024,06,Greece,314
Sibiu,2024,07,Greece,450
Sibiu,2024,08,Greece,532
Sibiu,2024,09,Greece,387
Sibiu,2024,10,Greece,281
Sibiu,2024,11,Greece,172
Sibiu,2024,12,Greece,149
Sibiu,2024,01,Netherlands,87
Sibiu,2024,02,Netherlands,110
Sibiu,2024,03,Netherlands,132
Sibiu,2024,04,Netherlands,181
Sibiu,2024,05,Netherlands,286
Sibiu,2024,06,Netherlands,311
Sibiu,2024,07,Netherlands,445
Sibiu,2024,08,Netherlands,527
Sibiu,2024,09,Netherlands,383
Sibiu,2024,10,Netherlands,278
Sibiu,2024,11,Netherlands,170
Sibiu,2024,12,Netherlands,147
Sibiu,2024,01,Austria,78
Sibiu,2024,02,Austria,98
Sibiu,2024,03,Austria,118
Sibiu,2024,04,Austria,162
Sibiu,2024,05,Austria,256
Sibiu,2024,06,Austria,278
Sibiu,2024,07,Austria,398
Sibiu,2024,08,Austria,471
Sibiu,2024,09,Austria,342
Sibiu,2024,10,Austria,249
Sibiu,2024,11,Austria,152
Sibiu,2024,12,Austria,132
Sibiu,2024,01,China,57
Sibiu,2024,02,China,71
Sibiu,2024,03,China,86
Sibiu,2024,04,China,118
Sibiu,2024,05,China,187
Sibiu,2024,06,China,203
Sibiu,2024,07,China,290
Sibiu,2024,08,China,344
Sibiu,2024,09,China,250
Sibiu,2024,10,China,181
Sibiu,2024,11,China,111
Sibiu,2024,12,China,96
Sibiu,2024,01,Serbia,56
Sibiu,2024,02,Serbia,71
Sibiu,2024,03,Serbia,85
Sibiu,2024,04,Serbia,117
Sibiu,2024,05,Serbia,184
Sibiu,2024,06,Serbia,201
Sibiu,2024,07,Serbia,287
Sibiu,2024,08,Serbia,340
Sibiu,2024,09,Serbia,247
Sibiu,2024,10,Serbia,179
Sibiu,2024,11,Serbia,110
Sibiu,2024,12,Serbia,95
Sibiu,2024,01,Belgium,51
Sibiu,2024,02,Belgium,65
Sibiu,2024,03,Belgium,78
Sibiu,2024,04,Belgium,107
Sibiu,2024,05,Belgium,169
Sibiu,2024,06,Belgium,184
Sibiu,2024,07,Belgium,263
Sibiu,2024,08,Belgium,311
Sibiu,2024,09,Belgium,226
Sibiu,2024,10,Belgium,164
Sibiu,2024,11,Belgium,100
Sibiu,2024,12,Belgium,87
Sibiu,2024,01,Switzerland,46
Sibiu,2024,02,Switzerland,58
Sibiu,2024,03,Switzerland,70
Sibiu,2024,04,Switzerland,96
Sibiu,2024,05,Switzerland,152
Sibiu,2024,06,Switzerland,165
Sibiu,2024,07,Switzerland,236
Sibiu,2024,08,Switzerland,280
Sibiu,2024,09,Switzerland,203
Sibiu,2024,10,Switzerland,148
Sibiu,2024,11,Switzerland,90
Sibiu,2024,12,Switzerland,78
Sibiu,2025,01,Other countries,772
Sibiu,2025,02,Other countries,768
Sibiu,2025,03,Other countries,1348
Sibiu,2025,04,Other countries,1879
Sibiu,2025,05,Other countries,2792
Sibiu,2025,06,Other countries,3504
Sibiu,2025,07,Other countries,3843
Sibiu,2025,08,Other countries,4795
Sibiu,2025,09,Other countries,3236
Sibiu,2025,10,Other countries,2876
Sibiu,2025,11,Other countries,1606
Sibiu,2025,12,Other countries,1535
Sibiu,2025,01,Germany,655
Sibiu,2025,02,Germany,651
Sibiu,2025,03,Germany,1143
Sibiu,2025,04,Germany,1593
Sibiu,2025,05,Germany,2367
Sibiu,2025,06,Germany,2971
Sibiu,2025,07,Germany,3258
Sibiu,2025,08,Germany,4065
Sibiu,2025,09,Germany,2743
Sibiu,2025,10,Germany,2438
Sibiu,2025,11,Germany,1361
Sibiu,2025,12,Germany,1301
Sibiu,2025,01,Italy,363
Sibiu,2025,02,Italy,361
Sibiu,2025,03,Italy,634
Sibiu,2025,04,Italy,884
Sibiu,2025,05,Italy,1313
Sibiu,2025,06,Italy,1648
Sibiu,2025,07,Italy,1807
Sibiu,2025,08,Italy,2255
Sibiu,2025,09,Italy,1522
Sibiu,2025,10,Italy,1353
Sibiu,2025,11,Italy,755
Sibiu,2025,12,Italy,722
Sibiu,2025,01,Israel,295
Sibiu,2025,02,Israel,293
Sibiu,2025,03,Israel,515
Sibiu,2025,04,Israel,717
Sibiu,2025,05,Israel,1066
Sibiu,2025,06,Israel,1337
Sibiu,2025,07,Israel,1467
Sibiu,2025,08,Israel,1830
Sibiu,2025,09,Israel,1235
Sibiu,2025,10,Israel,1098
Sibiu,2025,11,Israel,613
Sibiu,2025,12,Israel,586
Sibiu,2025,01,USA,244
Sibiu,2025,02,USA,243
Sibiu,2025,03,USA,427
Sibiu,2025,04,USA,595
Sibiu,2025,05,USA,884
Sibiu,2025,06,USA,1109
Sibiu,2025,07,USA,1216
Sibiu,2025,08,USA,1518
Sibiu,2025,09,USA,1024
Sibiu,2025,10,USA,910
Sibiu,2025,11,USA,508
Sibiu,2025,12,USA,486
Sibiu,2025,01,United Kingdom,243
Sibiu,2025,02,United Kingdom,242
Sibiu,2025,03,United Kingdom,424
Sibiu,2025,04,United Kingdom,591
Sibiu,2025,05,United Kingdom,879
Sibiu,2025,06,United Kingdom,1103
Sibiu,2025,07,United Kingdom,1209
Sibiu,2025,08,United Kingdom,1509
Sibiu,2025,09,United Kingdom,1018
Sibiu,2025,10,United Kingdom,905
Sibiu,2025,11,United Kingdom,505
Sibiu,2025,12,United Kingdom,483
Sibiu,2025,01,Spain,204
Sibiu,2025,02,Spain,203
Sibiu,2025,03,Spain,357
Sibiu,2025,04,Spain,497
Sibiu,2025,05,Spain,739
Sibiu,2025,06,Spain,927
Sibiu,2025,07,Spain,1016
Sibiu,2025,08,Spain,1268
Sibiu,2025,09,Spain,856
Sibiu,2025,10,Spain,761
Sibiu,2025,11,Spain,425
Sibiu,2025,12,Spain,406
Sibiu,2025,01,Poland,202
Sibiu,2025,02,Poland,201
Sibiu,2025,03,Poland,353
Sibiu,2025,04,Poland,492
Sibiu,2025,05,Poland,731
Sibiu,2025,06,Poland,917
Sibiu,2025,07,Poland,1006
Sibiu,2025,08,Poland,1255
Sibiu,2025,09,Poland,847
Sibiu,2025,10,Poland,753
Sibiu,2025,11,Poland,420
Sibiu,2025,12,Poland,402
Sibiu,2025,01,Hungary,198
Sibiu,2025,02,Hungary,196
Sibiu,2025,03,Hungary,345
Sibiu,2025,04,Hungary,481
Sibiu,2025,05,Hungary,714
Sibiu,2025,06,Hungary,896
Sibiu,2025,07,Hungary,983
Sibiu,2025,08,Hungary,1226
Sibiu,2025,09,Hungary,828
Sibiu,2025,10,Hungary,736
Sibiu,2025,11,Hungary,411
Sibiu,2025,12,Hungary,393
Sibiu,2025,01,France,174
Sibiu,2025,02,France,173
Sibiu,2025,03,France,304
Sibiu,2025,04,France,424
Sibiu,2025,05,France,630
Sibiu,2025,06,France,791
Sibiu,2025,07,France,867
Sibiu,2025,08,France,1082
Sibiu,2025,09,France,730
Sibiu,2025,10,France,649
Sibiu,2025,11,France,362
Sibiu,2025,12,France,346
Sibiu,2025,01,Ukraine,164
Sibiu,2025,02,Ukraine,163
Sibiu,2025,03,Ukraine,287
Sibiu,2025,04,Ukraine,399
Sibiu,2025,05,Ukraine,593
Sibiu,2025,06,Ukraine,745
Sibiu,2025,07,Ukraine,817
Sibiu,2025,08,Ukraine,1019
Sibiu,2025,09,Ukraine,688
Sibiu,2025,10,Ukraine,611
Sibiu,2025,11,Ukraine,341
Sibiu,2025,12,Ukraine,326
Sibiu,2025,01,Moldova,158
Sibiu,2025,02,Moldova,157
Sibiu,2025,03,Moldova,275
Sibiu,2025,04,Moldova,383
Sibiu,2025,05,Moldova,570
Sibiu,2025,06,Moldova,715
Sibiu,2025,07,Moldova,784
Sibiu,2025,08,Moldova,978
Sibiu,2025,09,Moldova,660
Sibiu,2025,10,Moldova,587
Sibiu,2025,11,Moldova,328
Sibiu,2025,12,Moldova,313
Sibiu,2025,01,Bulgaria,151
Sibiu,2025,02,Bulgaria,150
Sibiu,2025,03,Bulgaria,263
Sibiu,2025,04,Bulgaria,367
Sibiu,2025,05,Bulgaria,545
Sibiu,2025,06,Bulgaria,684
Sibiu,2025,07,Bulgaria,750
Sibiu,2025,08,Bulgaria,935
Sibiu,2025,09,Bulgaria,631
Sibiu,2025,10,Bulgaria,561
Sibiu,2025,11,Bulgaria,313
Sibiu,2025,12,Bulgaria,299
Sibiu,2025,01,Turkey,106
Sibiu,2025,02,Turkey,105
Sibiu,2025,03,Turkey,185
Sibiu,2025,04,Turkey,257
Sibiu,2025,05,Turkey,382
Sibiu,2025,06,Turkey,480
Sibiu,2025,07,Turkey,526
Sibiu,2025,08,Turkey,656
Sibiu,2025,09,Turkey,443
Sibiu,2025,10,Turkey,394
Sibiu,2025,11,Turkey,220
Sibiu,2025,12,Turkey,210
Sibiu,2025,01,Greece,95
Sibiu,2025,02,Greece,94
Sibiu,2025,03,Greece,166
Sibiu,2025,04,Greece,231
Sibiu,2025,05,Greece,344
Sibiu,2025,06,Greece,431
Sibiu,2025,07,Greece,473
Sibiu,2025,08,Greece,590
Sibiu,2025,09,Greece,398
Sibiu,2025,10,Greece,354
Sibiu,2025,11,Greece,198
Sibiu,2025,12,Greece,189
Sibiu,2025,01,Netherlands,94
Sibiu,2025,02,Netherlands,94
Sibiu,2025,03,Netherlands,164
Sibiu,2025,04,Netherlands,229
Sibiu,2025,05,Netherlands,340
Sibiu,2025,06,Netherlands,427
Sibiu,2025,07,Netherlands,468
Sibiu,2025,08,Netherlands,584
Sibiu,2025,09,Netherlands,394
Sibiu,2025,10,Netherlands,350
Sibiu,2025,11,Netherlands,196
Sibiu,2025,12,Netherlands,187
Sibiu,2025,01,Austria,84
Sibiu,2025,02,Austria,84
Sibiu,2025,03,Austria,147
Sibiu,2025,04,Austria,205
Sibiu,2025,05,Austria,304
Sibiu,2025,06,Austria,382
Sibiu,2025,07,Austria,418
Sibiu,2025,08,Austria,522
Sibiu,2025,09,Austria,352
Sibiu,2025,10,Austria,313
Sibiu,2025,11,Austria,175
Sibiu,2025,12,Austria,167
Sibiu,2025,01,China,61
Sibiu,2025,02,China,61
Sibiu,2025,03,China,107
Sibiu,2025,04,China,149
Sibiu,2025,05,China,222
Sibiu,2025,06,China,278
Sibiu,2025,07,China,305
Sibiu,2025,08,China,381
Sibiu,2025,09,China,257
Sibiu,2025,10,China,228
Sibiu,2025,11,China,128
Sibiu,2025,12,China,122
Sibiu,2025,01,Serbia,61
Sibiu,2025,02,Serbia,60
Sibiu,2025,03,Serbia,106
Sibiu,2025,04,Serbia,148
Sibiu,2025,05,Serbia,219
Sibiu,2025,06,Serbia,275
Sibiu,2025,07,Serbia,302
Sibiu,2025,08,Serbia,377
Sibiu,2025,09,Serbia,254
Sibiu,2025,10,Serbia,226
Sibiu,2025,11,Serbia,126
Sibiu,2025,12,Serbia,121
Sibiu,2025,01,Belgium,56
Sibiu,2025,02,Belgium,55
Sibiu,2025,03,Belgium,97
Sibiu,2025,04,Belgium,135
Sibiu,2025,05,Belgium,201
Sibiu,2025,06,Belgium,252
Sibiu,2025,07,Belgium,276
Sibiu,2025,08,Belgium,345
Sibiu,2025,09,Belgium,233
Sibiu,2025,10,Belgium,207
Sibiu,2025,11,Belgium,115
Sibiu,2025,12,Belgium,110
Sibiu,2025,01,Switzerland,50
Sibiu,2025,02,Switzerland,50
Sibiu,2025,03,Switzerland,87
Sibiu,2025,04,Switzerland,121
Sibiu,2025,05,Switzerland,181
Sibiu,2025,06,Switzerland,227
Sibiu,2025,07,Switzerland,248
Sibiu,2025,08,Switzerland,310
Sibiu,2025,09,Switzerland,209
Sibiu,2025,10,Switzerland,186
Sibiu,2025,11,Switzerland,104
Sibiu,2025,12,Switzerland,99
