date,eur_ron,change_pct,big_move
01-01-20,4.7789,,False
02-01-20,4.7789,0.0,False
03-01-20,4.7789,0.0,False
04-01-20,4.7789,0.0,False
05-01-20,4.7789,0.0,False
06-01-20,4.776,-0.061,False
07-01-20,4.775,-0.021,False
08-01-20,4.7776,0.054,False
09-01-20,4.7774,-0.004,False
10-01-20,4.7795,0.044,False
11-01-20,4.7795,0.0,False
12-01-20,4.7795,0.0,False
13-01-20,4.7791,-0.008,False
14-01-20,4.7794,0.006,False
15-01-20,4.7798,0.008,False
16-01-20,4.7795,-0.006,False
17-01-20,4.7792,-0.006,False
18-01-20,4.7792,0.0,False
19-01-20,4.7792,0.0,False
20-01-20,4.7788,-0.008,False
21-01-20,4.779,0.004,False
22-01-20,4.7786,-0.008,False
23-01-20,4.779,0.008,False
24-01-20,4.779,0.0,False
25-01-20,4.779,0.0,False
26-01-20,4.779,0.0,False
27-01-20,4.7798,0.017,False
28-01-20,4.7787,-0.023,False
29-01-20,4.7769,-0.038,False
30-01-20,4.779,0.044,False
31-01-20,4.7779,-0.023,False
01-02-20,4.7779,0.0,False
02-02-20,4.7779,0.0,False
03-02-20,4.7788,0.019,False
04-02-20,4.7779,-0.019,False
05-02-20,4.7768,-0.023,False
06-02-20,4.7651,-0.245,False
07-02-20,4.7642,-0.019,False
08-02-20,4.7642,0.0,False
09-02-20,4.7642,0.0,False
10-02-20,4.7668,0.055,False
11-02-20,4.7696,0.059,False
12-02-20,4.7662,-0.071,False
13-02-20,4.7646,-0.034,False
14-02-20,4.7694,0.101,False
15-02-20,4.7694,0.0,False
16-02-20,4.7694,0.0,False
17-02-20,4.7748,0.113,False
18-02-20,4.78,0.109,False
19-02-20,4.7789,-0.023,False
20-02-20,4.7834,0.094,False
21-02-20,4.8026,0.401,True
22-02-20,4.8026,0.0,False
23-02-20,4.8026,0.0,False
24-02-20,4.8024,-0.004,False
25-02-20,4.8079,0.115,False
26-02-20,4.8074,-0.01,False
27-02-20,4.8068,-0.012,False
28-02-20,4.8127,0.123,False
29-02-20,4.8127,0.0,False
01-03-20,4.8127,0.0,False
02-03-20,4.8103,-0.05,False
03-03-20,4.8074,-0.06,False
04-03-20,4.8057,-0.035,False
05-03-20,4.8086,0.06,False
06-03-20,4.811,0.05,False
07-03-20,4.811,0.0,False
08-03-20,4.811,0.0,False
09-03-20,4.8184,0.154,False
10-03-20,4.817,-0.029,False
11-03-20,4.8167,-0.006,False
12-03-20,4.8157,-0.021,False
13-03-20,4.8174,0.035,False
14-03-20,4.8174,0.0,False
15-03-20,4.8174,0.0,False
16-03-20,4.8242,0.141,False
17-03-20,4.8448,0.427,True
18-03-20,4.8438,-0.021,False
19-03-20,4.844,0.004,False
20-03-20,4.8444,0.008,False
21-03-20,4.8444,0.0,False
22-03-20,4.8444,0.0,False
23-03-20,4.8443,-0.002,False
24-03-20,4.8445,0.004,False
25-03-20,4.8367,-0.161,False
26-03-20,4.8345,-0.045,False
27-03-20,4.8332,-0.027,False
28-03-20,4.8332,0.0,False
29-03-20,4.8332,0.0,False
30-03-20,4.8297,-0.072,False
31-03-20,4.8254,-0.089,False
01-04-20,4.8246,-0.017,False
02-04-20,4.8288,0.087,False
03-04-20,4.8286,-0.004,False
04-04-20,4.8286,0.0,False
05-04-20,4.8286,0.0,False
06-04-20,4.828,-0.012,False
07-04-20,4.8314,0.07,False
08-04-20,4.8338,0.05,False
09-04-20,4.8278,-0.124,False
10-04-20,4.8277,-0.002,False
11-04-20,4.8277,0.0,False
12-04-20,4.8277,0.0,False
13-04-20,4.8297,0.041,False
14-04-20,4.8327,0.062,False
15-04-20,4.8345,0.037,False
16-04-20,4.836,0.031,False
17-04-20,4.836,0.0,False
18-04-20,4.836,0.0,False
19-04-20,4.836,0.0,False
20-04-20,4.836,0.0,False
21-04-20,4.8345,-0.031,False
22-04-20,4.8382,0.077,False
23-04-20,4.8414,0.066,False
24-04-20,4.8412,-0.004,False
25-04-20,4.8412,0.0,False
26-04-20,4.8412,0.0,False
27-04-20,4.836,-0.107,False
28-04-20,4.8436,0.157,False
29-04-20,4.8425,-0.023,False
30-04-20,4.8421,-0.008,False
01-05-20,4.8421,0.0,False
02-05-20,4.8421,0.0,False
03-05-20,4.8421,0.0,False
04-05-20,4.8387,-0.07,False
05-05-20,4.829,-0.2,False
06-05-20,4.8258,-0.066,False
07-05-20,4.8242,-0.033,False
08-05-20,4.8278,0.075,False
09-05-20,4.8278,0.0,False
10-05-20,4.8278,0.0,False
11-05-20,4.8295,0.035,False
12-05-20,4.8297,0.004,False
13-05-20,4.8349,0.108,False
14-05-20,4.8376,0.056,False
15-05-20,4.839,0.029,False
16-05-20,4.839,0.0,False
17-05-20,4.839,0.0,False
18-05-20,4.8392,0.004,False
19-05-20,4.8395,0.006,False
20-05-20,4.8421,0.054,False
21-05-20,4.8425,0.008,False
22-05-20,4.8422,-0.006,False
23-05-20,4.8422,0.0,False
24-05-20,4.8422,0.0,False
25-05-20,4.8396,-0.054,False
26-05-20,4.8415,0.039,False
27-05-20,4.8432,0.035,False
28-05-20,4.8421,-0.023,False
29-05-20,4.8426,0.01,False
30-05-20,4.8426,0.0,False
31-05-20,4.8426,0.0,False
01-06-20,4.8426,0.0,False
02-06-20,4.8419,-0.014,False
03-06-20,4.8398,-0.043,False
04-06-20,4.8387,-0.023,False
05-06-20,4.8393,0.012,False
06-06-20,4.8393,0.0,False
07-06-20,4.8393,0.0,False
08-06-20,4.8393,0.0,False
09-06-20,4.8377,-0.033,False
10-06-20,4.8338,-0.081,False
11-06-20,4.8358,0.041,False
12-06-20,4.834,-0.037,False
13-06-20,4.834,0.0,False
14-06-20,4.834,0.0,False
15-06-20,4.8337,-0.006,False
16-06-20,4.836,0.048,False
17-06-20,4.835,-0.021,False
18-06-20,4.8394,0.091,False
19-06-20,4.8421,0.056,False
20-06-20,4.8421,0.0,False
21-06-20,4.8421,0.0,False
22-06-20,4.8415,-0.012,False
23-06-20,4.8428,0.027,False
24-06-20,4.8432,0.008,False
25-06-20,4.8422,-0.021,False
26-06-20,4.8421,-0.002,False
27-06-20,4.8421,0.0,False
28-06-20,4.8421,0.0,False
29-06-20,4.8439,0.037,False
30-06-20,4.8423,-0.033,False
01-07-20,4.8372,-0.105,False
02-07-20,4.8319,-0.11,False
03-07-20,4.8378,0.122,False
04-07-20,4.8378,0.0,False
05-07-20,4.8378,0.0,False
06-07-20,4.8365,-0.027,False
07-07-20,4.8397,0.066,False
08-07-20,4.8406,0.019,False
09-07-20,4.8408,0.004,False
10-07-20,4.8418,0.021,False
11-07-20,4.8418,0.0,False
12-07-20,4.8418,0.0,False
13-07-20,4.8423,0.01,False
14-07-20,4.843,0.014,False
15-07-20,4.8433,0.006,False
16-07-20,4.8429,-0.008,False
17-07-20,4.8428,-0.002,False
18-07-20,4.8428,0.0,False
19-07-20,4.8428,0.0,False
20-07-20,4.8427,-0.002,False
21-07-20,4.8417,-0.021,False
22-07-20,4.8401,-0.033,False
23-07-20,4.8353,-0.099,False
24-07-20,4.834,-0.027,False
25-07-20,4.834,0.0,False
26-07-20,4.834,0.0,False
27-07-20,4.8276,-0.132,False
28-07-20,4.8335,0.122,False
29-07-20,4.8342,0.014,False
30-07-20,4.8321,-0.043,False
31-07-20,4.8316,-0.01,False
01-08-20,4.8316,0.0,False
02-08-20,4.8316,0.0,False
03-08-20,4.8351,0.072,False
04-08-20,4.8341,-0.021,False
05-08-20,4.8336,-0.01,False
06-08-20,4.8359,0.048,False
07-08-20,4.8375,0.033,False
08-08-20,4.8375,0.0,False
09-08-20,4.8375,0.0,False
10-08-20,4.8359,-0.033,False
11-08-20,4.8347,-0.025,False
12-08-20,4.8357,0.021,False
13-08-20,4.8344,-0.027,False
14-08-20,4.8358,0.029,False
15-08-20,4.8358,0.0,False
16-08-20,4.8358,0.0,False
17-08-20,4.8344,-0.029,False
18-08-20,4.8349,0.01,False
19-08-20,4.839,0.085,False
20-08-20,4.8396,0.012,False
21-08-20,4.84,0.008,False
22-08-20,4.84,0.0,False
23-08-20,4.84,0.0,False
24-08-20,4.8402,0.004,False
25-08-20,4.8392,-0.021,False
26-08-20,4.8404,0.025,False
27-08-20,4.8424,0.041,False
28-08-20,4.8387,-0.076,False
29-08-20,4.8387,0.0,False
30-08-20,4.8387,0.0,False
31-08-20,4.8404,0.035,False
01-09-20,4.8393,-0.023,False
02-09-20,4.8409,0.033,False
03-09-20,4.8442,0.068,False
04-09-20,4.8492,0.103,False
05-09-20,4.8492,0.0,False
06-09-20,4.8492,0.0,False
07-09-20,4.8552,0.124,False
08-09-20,4.8545,-0.014,False
09-09-20,4.859,0.093,False
10-09-20,4.8573,-0.035,False
11-09-20,4.8567,-0.012,False
12-09-20,4.8567,0.0,False
13-09-20,4.8567,0.0,False
14-09-20,4.8573,0.012,False
15-09-20,4.8567,-0.012,False
16-09-20,4.8586,0.039,False
17-09-20,4.8595,0.019,False
18-09-20,4.8582,-0.027,False
19-09-20,4.8582,0.0,False
20-09-20,4.8582,0.0,False
21-09-20,4.8583,0.002,False
22-09-20,4.859,0.014,False
23-09-20,4.8641,0.105,False
24-09-20,4.8722,0.167,False
25-09-20,4.875,0.057,False
26-09-20,4.875,0.0,False
27-09-20,4.875,0.0,False
28-09-20,4.8705,-0.092,False
29-09-20,4.8738,0.068,False
30-09-20,4.8698,-0.082,False
01-10-20,4.8721,0.047,False
02-10-20,4.8718,-0.006,False
03-10-20,4.8718,0.0,False
04-10-20,4.8718,0.0,False
05-10-20,4.8695,-0.047,False
06-10-20,4.8742,0.097,False
07-10-20,4.8729,-0.027,False
08-10-20,4.8741,0.025,False
09-10-20,4.872,-0.043,False
10-10-20,4.872,0.0,False
11-10-20,4.872,0.0,False
12-10-20,4.8718,-0.004,False
13-10-20,4.8739,0.043,False
14-10-20,4.8734,-0.01,False
15-10-20,4.8736,0.004,False
16-10-20,4.8737,0.002,False
17-10-20,4.8737,0.0,False
18-10-20,4.8737,0.0,False
19-10-20,4.8746,0.018,False
20-10-20,4.8738,-0.016,False
21-10-20,4.8737,-0.002,False
22-10-20,4.873,-0.014,False
23-10-20,4.8744,0.029,False
24-10-20,4.8744,0.0,False
25-10-20,4.8744,0.0,False
26-10-20,4.8731,-0.027,False
27-10-20,4.8741,0.021,False
28-10-20,4.8746,0.01,False
29-10-20,4.8747,0.002,False
30-10-20,4.8743,-0.008,False
31-10-20,4.8743,0.0,False
01-11-20,4.8743,0.0,False
02-11-20,4.8643,-0.205,False
03-11-20,4.8675,0.066,False
04-11-20,4.8672,-0.006,False
05-11-20,4.8657,-0.031,False
06-11-20,4.8668,0.023,False
07-11-20,4.8668,0.0,False
08-11-20,4.8668,0.0,False
09-11-20,4.8674,0.012,False
10-11-20,4.8667,-0.014,False
11-11-20,4.8678,0.023,False
12-11-20,4.8686,0.016,False
13-11-20,4.869,0.008,False
14-11-20,4.869,0.0,False
15-11-20,4.869,0.0,False
16-11-20,4.8715,0.051,False
17-11-20,4.8729,0.029,False
18-11-20,4.8725,-0.008,False
19-11-20,4.8729,0.008,False
20-11-20,4.873,0.002,False
21-11-20,4.873,0.0,False
22-11-20,4.873,0.0,False
23-11-20,4.8732,0.004,False
24-11-20,4.8703,-0.06,False
25-11-20,4.873,0.055,False
26-11-20,4.8738,0.016,False
27-11-20,4.8735,-0.006,False
28-11-20,4.8735,0.0,False
29-11-20,4.8735,0.0,False
30-11-20,4.8735,0.0,False
01-12-20,4.8735,0.0,False
02-12-20,4.8721,-0.029,False
03-12-20,4.8736,0.031,False
04-12-20,4.8725,-0.023,False
05-12-20,4.8725,0.0,False
06-12-20,4.8725,0.0,False
07-12-20,4.8733,0.016,False
08-12-20,4.8735,0.004,False
09-12-20,4.868,-0.113,False
10-12-20,4.8692,0.025,False
11-12-20,4.8693,0.002,False
12-12-20,4.8693,0.0,False
13-12-20,4.8693,0.0,False
14-12-20,4.873,0.076,False
15-12-20,4.8686,-0.09,False
16-12-20,4.8684,-0.004,False
17-12-20,4.8697,0.027,False
18-12-20,4.8677,-0.041,False
19-12-20,4.8677,0.0,False
20-12-20,4.8677,0.0,False
21-12-20,4.8663,-0.029,False
22-12-20,4.8649,-0.029,False
23-12-20,4.8705,0.115,False
24-12-20,4.872,0.031,False
25-12-20,4.872,0.0,False
26-12-20,4.872,0.0,False
27-12-20,4.872,0.0,False
28-12-20,4.8735,0.031,False
29-12-20,4.8743,0.016,False
30-12-20,4.8744,0.002,False
31-12-20,4.8694,-0.103,False
01-01-21,4.8694,0.0,False
02-01-21,4.8694,0.0,False
03-01-21,4.8694,0.0,False
04-01-21,4.8691,-0.006,False
05-01-21,4.871,0.039,False
06-01-21,4.87,-0.021,False
07-01-21,4.8701,0.002,False
08-01-21,4.8704,0.006,False
09-01-21,4.8704,0.0,False
10-01-21,4.8704,0.0,False
11-01-21,4.8709,0.01,False
12-01-21,4.8715,0.012,False
13-01-21,4.8738,0.047,False
14-01-21,4.8728,-0.021,False
15-01-21,4.8737,0.018,False
16-01-21,4.8737,0.0,False
17-01-21,4.8737,0.0,False
18-01-21,4.874,0.006,False
19-01-21,4.8742,0.004,False
20-01-21,4.8741,-0.002,False
21-01-21,4.8738,-0.006,False
22-01-21,4.874,0.004,False
23-01-21,4.874,0.0,False
24-01-21,4.874,0.0,False
25-01-21,4.8744,0.008,False
26-01-21,4.8746,0.004,False
27-01-21,4.8745,-0.002,False
28-01-21,4.8742,-0.006,False
29-01-21,4.8743,0.002,False
30-01-21,4.8743,0.0,False
31-01-21,4.8743,0.0,False
01-02-21,4.8728,-0.031,False
02-02-21,4.8739,0.023,False
03-02-21,4.8713,-0.053,False
04-02-21,4.8742,0.06,False
05-02-21,4.8744,0.004,False
06-02-21,4.8744,0.0,False
07-02-21,4.8744,0.0,False
08-02-21,4.874,-0.008,False
09-02-21,4.8745,0.01,False
10-02-21,4.8744,-0.002,False
11-02-21,4.8741,-0.006,False
12-02-21,4.8743,0.004,False
13-02-21,4.8743,0.0,False
14-02-21,4.8743,0.0,False
15-02-21,4.8745,0.004,False
16-02-21,4.8747,0.004,False
17-02-21,4.8746,-0.002,False
18-02-21,4.8748,0.004,False
19-02-21,4.8747,-0.002,False
20-02-21,4.8747,0.0,False
21-02-21,4.8747,0.0,False
22-02-21,4.8746,-0.002,False
23-02-21,4.8745,-0.002,False
24-02-21,4.8743,-0.004,False
25-02-21,4.8725,-0.037,False
26-02-21,4.8745,0.041,False
27-02-21,4.8745,0.0,False
28-02-21,4.8745,0.0,False
01-03-21,4.8744,-0.002,False
02-03-21,4.8747,0.006,False
03-03-21,4.8768,0.043,False
04-03-21,4.8784,0.033,False
05-03-21,4.8831,0.096,False
06-03-21,4.8831,0.0,False
07-03-21,4.8831,0.0,False
08-03-21,4.8838,0.014,False
09-03-21,4.8849,0.023,False
10-03-21,4.8863,0.029,False
11-03-21,4.8854,-0.018,False
12-03-21,4.8854,0.0,False
13-03-21,4.8854,0.0,False
14-03-21,4.8854,0.0,False
15-03-21,4.8846,-0.016,False
16-03-21,4.8861,0.031,False
17-03-21,4.8879,0.037,False
18-03-21,4.8876,-0.006,False
19-03-21,4.8858,-0.037,False
20-03-21,4.8858,0.0,False
21-03-21,4.8858,0.0,False
22-03-21,4.885,-0.016,False
23-03-21,4.8888,0.078,False
24-03-21,4.8886,-0.004,False
25-03-21,4.8864,-0.045,False
26-03-21,4.8869,0.01,False
27-03-21,4.8869,0.0,False
28-03-21,4.8869,0.0,False
29-03-21,4.8972,0.211,False
30-03-21,4.9156,0.376,False
31-03-21,4.9251,0.193,False
01-04-21,4.9117,-0.272,False
02-04-21,4.9106,-0.022,False
03-04-21,4.9106,0.0,False
04-04-21,4.9106,0.0,False
05-04-21,4.9161,0.112,False
06-04-21,4.917,0.018,False
07-04-21,4.9168,-0.004,False
08-04-21,4.9228,0.122,False
09-04-21,4.9212,-0.033,False
10-04-21,4.9212,0.0,False
11-04-21,4.9212,0.0,False
12-04-21,4.9205,-0.014,False
13-04-21,4.9225,0.041,False
14-04-21,4.9226,0.002,False
15-04-21,4.9245,0.039,False
16-04-21,4.9243,-0.004,False
17-04-21,4.9243,0.0,False
18-04-21,4.9243,0.0,False
19-04-21,4.9261,0.037,False
20-04-21,4.9279,0.037,False
21-04-21,4.926,-0.039,False
22-04-21,4.9255,-0.01,False
23-04-21,4.9257,0.004,False
24-04-21,4.9257,0.0,False
25-04-21,4.9257,0.0,False
26-04-21,4.9238,-0.039,False
27-04-21,4.926,0.045,False
28-04-21,4.927,0.02,False
29-04-21,4.9247,-0.047,False
30-04-21,4.9247,0.0,False
01-05-21,4.9247,0.0,False
02-05-21,4.9247,0.0,False
03-05-21,4.9247,0.0,False
04-05-21,4.9256,0.018,False
05-05-21,4.9254,-0.004,False
06-05-21,4.9266,0.024,False
07-05-21,4.9262,-0.008,False
08-05-21,4.9262,0.0,False
09-05-21,4.9262,0.0,False
10-05-21,4.9259,-0.006,False
11-05-21,4.9265,0.012,False
12-05-21,4.9263,-0.004,False
13-05-21,4.9265,0.004,False
14-05-21,4.9253,-0.024,False
15-05-21,4.9253,0.0,False
16-05-21,4.9253,0.0,False
17-05-21,4.9256,0.006,False
18-05-21,4.9268,0.024,False
19-05-21,4.9267,-0.002,False
20-05-21,4.9265,-0.004,False
21-05-21,4.9268,0.006,False
22-05-21,4.9268,0.0,False
23-05-21,4.9268,0.0,False
24-05-21,4.9261,-0.014,False
25-05-21,4.9246,-0.03,False
26-05-21,4.9225,-0.043,False
27-05-21,4.916,-0.132,False
28-05-21,4.919,0.061,False
29-05-21,4.919,0.0,False
30-05-21,4.919,0.0,False
31-05-21,4.9198,0.016,False
01-06-21,4.9198,0.0,False
02-06-21,4.9197,-0.002,False
03-06-21,4.9227,0.061,False
04-06-21,4.9228,0.002,False
05-06-21,4.9228,0.0,False
06-06-21,4.9228,0.0,False
07-06-21,4.923,0.004,False
08-06-21,4.9229,-0.002,False
09-06-21,4.9232,0.006,False
10-06-21,4.9218,-0.028,False
11-06-21,4.9202,-0.033,False
12-06-21,4.9202,0.0,False
13-06-21,4.9202,0.0,False
14-06-21,4.9188,-0.028,False
15-06-21,4.9243,0.112,False
16-06-21,4.9241,-0.004,False
17-06-21,4.9242,0.002,False
18-06-21,4.925,0.016,False
19-06-21,4.925,0.0,False
20-06-21,4.925,0.0,False
21-06-21,4.925,0.0,False
22-06-21,4.9253,0.006,False
23-06-21,4.9259,0.012,False
24-06-21,4.9242,-0.035,False
25-06-21,4.9254,0.024,False
26-06-21,4.9254,0.0,False
27-06-21,4.9254,0.0,False
28-06-21,4.926,0.012,False
29-06-21,4.9262,0.004,False
30-06-21,4.9267,0.01,False
01-07-21,4.9261,-0.012,False
02-07-21,4.9269,0.016,False
03-07-21,4.9269,0.0,False
04-07-21,4.9269,0.0,False
05-07-21,4.9266,-0.006,False
06-07-21,4.9265,-0.002,False
07-07-21,4.927,0.01,False
08-07-21,4.9268,-0.004,False
09-07-21,4.9281,0.026,False
10-07-21,4.9281,0.0,False
11-07-21,4.9281,0.0,False
12-07-21,4.9275,-0.012,False
13-07-21,4.9278,0.006,False
14-07-21,4.9283,0.01,False
15-07-21,4.9277,-0.012,False
16-07-21,4.9274,-0.006,False
17-07-21,4.9274,0.0,False
18-07-21,4.9274,0.0,False
19-07-21,4.9262,-0.024,False
20-07-21,4.9253,-0.018,False
21-07-21,4.9247,-0.012,False
22-07-21,4.9241,-0.012,False
23-07-21,4.9219,-0.045,False
24-07-21,4.9219,0.0,False
25-07-21,4.9219,0.0,False
26-07-21,4.9208,-0.022,False
27-07-21,4.9194,-0.028,False
28-07-21,4.9197,0.006,False
29-07-21,4.9209,0.024,False
30-07-21,4.9198,-0.022,False
31-07-21,4.9198,0.0,False
01-08-21,4.9198,0.0,False
02-08-21,4.9171,-0.055,False
03-08-21,4.9183,0.024,False
04-08-21,4.9184,0.002,False
05-08-21,4.9176,-0.016,False
06-08-21,4.9145,-0.063,False
07-08-21,4.9145,0.0,False
08-08-21,4.9145,0.0,False
09-08-21,4.9131,-0.028,False
10-08-21,4.9161,0.061,False
11-08-21,4.9158,-0.006,False
12-08-21,4.9148,-0.02,False
13-08-21,4.9118,-0.061,False
14-08-21,4.9118,0.0,False
15-08-21,4.9118,0.0,False
16-08-21,4.912,0.004,False
17-08-21,4.9232,0.228,False
18-08-21,4.9259,0.055,False
19-08-21,4.9278,0.039,False
20-08-21,4.9338,0.122,False
21-08-21,4.9338,0.0,False
22-08-21,4.9338,0.0,False
23-08-21,4.9335,-0.006,False
24-08-21,4.9286,-0.099,False
25-08-21,4.9284,-0.004,False
26-08-21,4.9306,0.045,False
27-08-21,4.9334,0.057,False
28-08-21,4.9334,0.0,False
29-08-21,4.9334,0.0,False
30-08-21,4.9349,0.03,False
31-08-21,4.9348,-0.002,False
01-09-21,4.9345,-0.006,False
02-09-21,4.9386,0.083,False
03-09-21,4.9416,0.061,False
04-09-21,4.9416,0.0,False
05-09-21,4.9416,0.0,False
06-09-21,4.9475,0.119,False
07-09-21,4.9488,0.026,False
08-09-21,4.9479,-0.018,False
09-09-21,4.9482,0.006,False
10-09-21,4.9432,-0.101,False
11-09-21,4.9432,0.0,False
12-09-21,4.9432,0.0,False
13-09-21,4.9444,0.024,False
14-09-21,4.9475,0.063,False
15-09-21,4.9481,0.012,False
16-09-21,4.9482,0.002,False
17-09-21,4.9473,-0.018,False
18-09-21,4.9473,0.0,False
19-09-21,4.9473,0.0,False
20-09-21,4.9481,0.016,False
21-09-21,4.9485,0.008,False
22-09-21,4.9495,0.02,False
23-09-21,4.949,-0.01,False
24-09-21,4.9491,0.002,False
25-09-21,4.9491,0.0,False
26-09-21,4.9491,0.0,False
27-09-21,4.9488,-0.006,False
28-09-21,4.9481,-0.014,False
29-09-21,4.948,-0.002,False
30-09-21,4.9471,-0.018,False
01-10-21,4.9479,0.016,False
02-10-21,4.9479,0.0,False
03-10-21,4.9479,0.0,False
04-10-21,4.9469,-0.02,False
05-10-21,4.9485,0.032,False
06-10-21,4.9483,-0.004,False
07-10-21,4.9475,-0.016,False
08-10-21,4.947,-0.01,False
09-10-21,4.947,0.0,False
10-10-21,4.947,0.0,False
11-10-21,4.9486,0.032,False
12-10-21,4.9485,-0.002,False
13-10-21,4.949,0.01,False
14-10-21,4.9488,-0.004,False
15-10-21,4.9484,-0.008,False
16-10-21,4.9484,0.0,False
17-10-21,4.9484,0.0,False
18-10-21,4.9481,-0.006,False
19-10-21,4.949,0.018,False
20-10-21,4.9488,-0.004,False
21-10-21,4.947,-0.036,False
22-10-21,4.9467,-0.006,False
23-10-21,4.9467,0.0,False
24-10-21,4.9467,0.0,False
25-10-21,4.9472,0.01,False
26-10-21,4.9476,0.008,False
27-10-21,4.9486,0.02,False
28-10-21,4.949,0.008,False
29-10-21,4.9489,-0.002,False
30-10-21,4.9489,0.0,False
31-10-21,4.9489,0.0,False
01-11-21,4.9488,-0.002,False
02-11-21,4.9487,-0.002,False
03-11-21,4.949,0.006,False
04-11-21,4.9486,-0.008,False
05-11-21,4.9485,-0.002,False
06-11-21,4.9485,0.0,False
07-11-21,4.9485,0.0,False
08-11-21,4.9489,0.008,False
09-11-21,4.9482,-0.014,False
10-11-21,4.949,0.016,False
11-11-21,4.9489,-0.002,False
12-11-21,4.9476,-0.026,False
13-11-21,4.9476,0.0,False
14-11-21,4.9476,0.0,False
15-11-21,4.9489,0.026,False
16-11-21,4.9487,-0.004,False
17-11-21,4.9491,0.008,False
18-11-21,4.9488,-0.006,False
19-11-21,4.949,0.004,False
20-11-21,4.949,0.0,False
21-11-21,4.949,0.0,False
22-11-21,4.9491,0.002,False
23-11-21,4.9487,-0.008,False
24-11-21,4.9491,0.008,False
25-11-21,4.949,-0.002,False
26-11-21,4.9491,0.002,False
27-11-21,4.9491,0.0,False
28-11-21,4.9491,0.0,False
29-11-21,4.949,-0.002,False
30-11-21,4.949,0.0,False
01-12-21,4.949,0.0,False
02-12-21,4.949,0.0,False
03-12-21,4.9487,-0.006,False
04-12-21,4.9487,0.0,False
05-12-21,4.9487,0.0,False
06-12-21,4.9483,-0.008,False
07-12-21,4.9485,0.004,False
08-12-21,4.9488,0.006,False
09-12-21,4.9491,0.006,False
10-12-21,4.949,-0.002,False
11-12-21,4.949,0.0,False
12-12-21,4.949,0.0,False
13-12-21,4.9491,0.002,False
14-12-21,4.9492,0.002,False
15-12-21,4.9489,-0.006,False
16-12-21,4.9491,0.004,False
17-12-21,4.9492,0.002,False
18-12-21,4.9492,0.0,False
19-12-21,4.9492,0.0,False
20-12-21,4.9488,-0.008,False
21-12-21,4.9491,0.006,False
22-12-21,4.9489,-0.004,False
23-12-21,4.9488,-0.002,False
24-12-21,4.949,0.004,False
25-12-21,4.949,0.0,False
26-12-21,4.949,0.0,False
27-12-21,4.9492,0.004,False
28-12-21,4.9491,-0.002,False
29-12-21,4.949,-0.002,False
30-12-21,4.9486,-0.008,False
31-12-21,4.9481,-0.01,False
01-01-22,4.9481,0.0,False
02-01-22,4.9481,0.0,False
03-01-22,4.9474,-0.014,False
04-01-22,4.9464,-0.02,False
05-01-22,4.946,-0.008,False
06-01-22,4.9431,-0.059,False
07-01-22,4.9436,0.01,False
08-01-22,4.9436,0.0,False
09-01-22,4.9436,0.0,False
10-01-22,4.9439,0.006,False
11-01-22,4.9452,0.026,False
12-01-22,4.9445,-0.014,False
13-01-22,4.9435,-0.02,False
14-01-22,4.9432,-0.006,False
15-01-22,4.9432,0.0,False
16-01-22,4.9432,0.0,False
17-01-22,4.944,0.016,False
18-01-22,4.9445,0.01,False
19-01-22,4.9447,0.004,False
20-01-22,4.9452,0.01,False
21-01-22,4.9449,-0.006,False
22-01-22,4.9449,0.0,False
23-01-22,4.9449,0.0,False
24-01-22,4.9449,0.0,False
25-01-22,4.944,-0.018,False
26-01-22,4.9443,0.006,False
27-01-22,4.9453,0.02,False
28-01-22,4.9459,0.012,False
29-01-22,4.9459,0.0,False
30-01-22,4.9459,0.0,False
31-01-22,4.9468,0.018,False
01-02-22,4.9464,-0.008,False
02-02-22,4.9462,-0.004,False
03-02-22,4.9457,-0.01,False
04-02-22,4.9462,0.01,False
05-02-22,4.9462,0.0,False
06-02-22,4.9462,0.0,False
07-02-22,4.946,-0.004,False
08-02-22,4.9458,-0.004,False
09-02-22,4.9459,0.002,False
10-02-22,4.945,-0.018,False
11-02-22,4.9447,-0.006,False
12-02-22,4.9447,0.0,False
13-02-22,4.9447,0.0,False
14-02-22,4.9455,0.016,False
15-02-22,4.9434,-0.042,False
16-02-22,4.9405,-0.059,False
17-02-22,4.9439,0.069,False
18-02-22,4.9445,0.012,False
19-02-22,4.9445,0.0,False
20-02-22,4.9445,0.0,False
21-02-22,4.9447,0.004,False
22-02-22,4.9458,0.022,False
23-02-22,4.9463,0.01,False
24-02-22,4.9489,0.053,False
25-02-22,4.9479,-0.02,False
26-02-22,4.9479,0.0,False
27-02-22,4.9479,0.0,False
28-02-22,4.948,0.002,False
01-03-22,4.9487,0.014,False
02-03-22,4.949,0.006,False
03-03-22,4.9489,-0.002,False
04-03-22,4.9491,0.004,False
05-03-22,4.9491,0.0,False
06-03-22,4.9491,0.0,False
07-03-22,4.949,-0.002,False
08-03-22,4.9492,0.004,False
09-03-22,4.949,-0.004,False
10-03-22,4.9488,-0.004,False
11-03-22,4.9489,0.002,False
12-03-22,4.9489,0.0,False
13-03-22,4.9489,0.0,False
14-03-22,4.949,0.002,False
15-03-22,4.9487,-0.006,False
16-03-22,4.9476,-0.022,False
17-03-22,4.9461,-0.03,False
18-03-22,4.9481,0.04,False
19-03-22,4.9481,0.0,False
20-03-22,4.9481,0.0,False
21-03-22,4.9474,-0.014,False
22-03-22,4.9452,-0.044,False
23-03-22,4.9459,0.014,False
24-03-22,4.949,0.063,False
25-03-22,4.9489,-0.002,False
26-03-22,4.9489,0.0,False
27-03-22,4.9489,0.0,False
28-03-22,4.9483,-0.012,False
29-03-22,4.9475,-0.016,False
30-03-22,4.947,-0.01,False
31-03-22,4.9466,-0.008,False
01-04-22,4.9454,-0.024,False
02-04-22,4.9454,0.0,False
03-04-22,4.9454,0.0,False
04-04-22,4.9437,-0.034,False
05-04-22,4.9431,-0.012,False
06-04-22,4.9447,0.032,False
07-04-22,4.9426,-0.042,False
08-04-22,4.9419,-0.014,False
09-04-22,4.9419,0.0,False
10-04-22,4.9419,0.0,False
11-04-22,4.9409,-0.02,False
12-04-22,4.9412,0.006,False
13-04-22,4.9413,0.002,False
14-04-22,4.9443,0.061,False
15-04-22,4.9432,-0.022,False
16-04-22,4.9432,0.0,False
17-04-22,4.9432,0.0,False
18-04-22,4.9416,-0.032,False
19-04-22,4.9415,-0.002,False
20-04-22,4.9422,0.014,False
21-04-22,4.9441,0.038,False
22-04-22,4.9441,0.0,False
23-04-22,4.9441,0.0,False
24-04-22,4.9441,0.0,False
25-04-22,4.9441,0.0,False
26-04-22,4.9457,0.032,False
27-04-22,4.9474,0.034,False
28-04-22,4.9475,0.002,False
29-04-22,4.948,0.01,False
30-04-22,4.948,0.0,False
01-05-22,4.948,0.0,False
02-05-22,4.9476,-0.008,False
03-05-22,4.9469,-0.014,False
04-05-22,4.9471,0.004,False
05-05-22,4.9486,0.03,False
06-05-22,4.949,0.008,False
07-05-22,4.949,0.0,False
08-05-22,4.949,0.0,False
09-05-22,4.9469,-0.042,False
10-05-22,4.9457,-0.024,False
11-05-22,4.9479,0.044,False
12-05-22,4.948,0.002,False
13-05-22,4.9458,-0.044,False
14-05-22,4.9458,0.0,False
15-05-22,4.9458,0.0,False
16-05-22,4.9469,0.022,False
17-05-22,4.9477,0.016,False
18-05-22,4.9472,-0.01,False
19-05-22,4.9474,0.004,False
20-05-22,4.9477,0.006,False
21-05-22,4.9477,0.0,False
22-05-22,4.9477,0.0,False
23-05-22,4.9472,-0.01,False
24-05-22,4.9457,-0.03,False
25-05-22,4.9417,-0.081,False
26-05-22,4.9423,0.012,False
27-05-22,4.9429,0.012,False
28-05-22,4.9429,0.0,False
29-05-22,4.9429,0.0,False
30-05-22,4.9438,0.018,False
31-05-22,4.943,-0.016,False
01-06-22,4.943,0.0,False
02-06-22,4.9411,-0.038,False
03-06-22,4.9427,0.032,False
04-06-22,4.9427,0.0,False
05-06-22,4.9427,0.0,False
06-06-22,4.9419,-0.016,False
07-06-22,4.9426,0.014,False
08-06-22,4.9456,0.061,False
09-06-22,4.9454,-0.004,False
10-06-22,4.9432,-0.044,False
11-06-22,4.9432,0.0,False
12-06-22,4.9432,0.0,False
13-06-22,4.9432,0.0,False
14-06-22,4.9439,0.014,False
15-06-22,4.9449,0.02,False
16-06-22,4.9443,-0.012,False
17-06-22,4.9472,0.059,False
18-06-22,4.9472,0.0,False
19-06-22,4.9472,0.0,False
20-06-22,4.9448,-0.049,False
21-06-22,4.9475,0.055,False
22-06-22,4.9469,-0.012,False
23-06-22,4.9464,-0.01,False
24-06-22,4.9471,0.014,False
25-06-22,4.9471,0.0,False
26-06-22,4.9471,0.0,False
27-06-22,4.9459,-0.024,False
28-06-22,4.9457,-0.004,False
29-06-22,4.943,-0.055,False
30-06-22,4.9454,0.049,False
01-07-22,4.9461,0.014,False
02-07-22,4.9461,0.0,False
03-07-22,4.9461,0.0,False
04-07-22,4.9448,-0.026,False
05-07-22,4.9449,0.002,False
06-07-22,4.9454,0.01,False
07-07-22,4.9451,-0.006,False
08-07-22,4.9439,-0.024,False
09-07-22,4.9439,0.0,False
10-07-22,4.9439,0.0,False
11-07-22,4.943,-0.018,False
12-07-22,4.9411,-0.038,False
13-07-22,4.9414,0.006,False
14-07-22,4.9418,0.008,False
15-07-22,4.9408,-0.02,False
16-07-22,4.9408,0.0,False
17-07-22,4.9408,0.0,False
18-07-22,4.939,-0.036,False
19-07-22,4.9395,0.01,False
20-07-22,4.9399,0.008,False
21-07-22,4.9391,-0.016,False
22-07-22,4.9324,-0.136,False
23-07-22,4.9324,0.0,False
24-07-22,4.9324,0.0,False
25-07-22,4.931,-0.028,False
26-07-22,4.9328,0.037,False
27-07-22,4.9337,0.018,False
28-07-22,4.9353,0.032,False
29-07-22,4.9351,-0.004,False
30-07-22,4.9351,0.0,False
31-07-22,4.9351,0.0,False
01-08-22,4.9287,-0.13,False
02-08-22,4.9262,-0.051,False
03-08-22,4.9252,-0.02,False
04-08-22,4.9263,0.022,False
05-08-22,4.9264,0.002,False
06-08-22,4.9264,0.0,False
07-08-22,4.9264,0.0,False
08-08-22,4.921,-0.11,False
09-08-22,4.905,-0.325,False
10-08-22,4.9132,0.167,False
11-08-22,4.909,-0.085,False
12-08-22,4.8909,-0.369,False
13-08-22,4.8909,0.0,False
14-08-22,4.8909,0.0,False
15-08-22,4.8909,0.0,False
16-08-22,4.8831,-0.159,False
17-08-22,4.8849,0.037,False
18-08-22,4.8793,-0.115,False
19-08-22,4.8806,0.027,False
20-08-22,4.8806,0.0,False
21-08-22,4.8806,0.0,False
22-08-22,4.8853,0.096,False
23-08-22,4.8851,-0.004,False
24-08-22,4.8818,-0.068,False
25-08-22,4.8756,-0.127,False
26-08-22,4.8734,-0.045,False
27-08-22,4.8734,0.0,False
28-08-22,4.8734,0.0,False
29-08-22,4.8707,-0.055,False
30-08-22,4.8652,-0.113,False
31-08-22,4.8605,-0.097,False
01-09-22,4.8525,-0.165,False
02-09-22,4.8344,-0.373,False
03-09-22,4.8344,0.0,False
04-09-22,4.8344,0.0,False
05-09-22,4.8215,-0.267,False
06-09-22,4.8287,0.149,False
07-09-22,4.858,0.607,True
08-09-22,4.8707,0.261,False
09-09-22,4.8936,0.47,True
10-09-22,4.8936,0.0,False
11-09-22,4.8936,0.0,False
12-09-22,4.9047,0.227,False
13-09-22,4.9216,0.345,False
14-09-22,4.9247,0.063,False
15-09-22,4.9259,0.024,False
16-09-22,4.9253,-0.012,False
17-09-22,4.9253,0.0,False
18-09-22,4.9253,0.0,False
19-09-22,4.9226,-0.055,False
20-09-22,4.9313,0.177,False
21-09-22,4.9436,0.249,False
22-09-22,4.9412,-0.049,False
23-09-22,4.9437,0.051,False
24-09-22,4.9437,0.0,False
25-09-22,4.9437,0.0,False
26-09-22,4.9427,-0.02,False
27-09-22,4.9437,0.02,False
28-09-22,4.9479,0.085,False
29-09-22,4.9486,0.014,False
30-09-22,4.949,0.008,False
01-10-22,4.949,0.0,False
02-10-22,4.949,0.0,False
03-10-22,4.948,-0.02,False
04-10-22,4.9471,-0.018,False
05-10-22,4.9419,-0.105,False
06-10-22,4.9366,-0.107,False
07-10-22,4.941,0.089,False
08-10-22,4.941,0.0,False
09-10-22,4.941,0.0,False
10-10-22,4.9395,-0.03,False
11-10-22,4.9367,-0.057,False
12-10-22,4.9397,0.061,False
13-10-22,4.9416,0.038,False
14-10-22,4.935,-0.134,False
15-10-22,4.935,0.0,False
16-10-22,4.935,0.0,False
17-10-22,4.936,0.02,False
18-10-22,4.9357,-0.006,False
19-10-22,4.929,-0.136,False
20-10-22,4.9246,-0.089,False
21-10-22,4.913,-0.236,False
22-10-22,4.913,0.0,False
23-10-22,4.913,0.0,False
24-10-22,4.9139,0.018,False
25-10-22,4.9038,-0.206,False
26-10-22,4.8793,-0.5,True
27-10-22,4.889,0.199,False
28-10-22,4.9128,0.487,True
29-10-22,4.9128,0.0,False
30-10-22,4.9128,0.0,False
31-10-22,4.9141,0.026,False
01-11-22,4.9134,-0.014,False
02-11-22,4.9113,-0.043,False
03-11-22,4.901,-0.21,False
04-11-22,4.8876,-0.273,False
05-11-22,4.8876,0.0,False
06-11-22,4.8876,0.0,False
07-11-22,4.8871,-0.01,False
08-11-22,4.8912,0.084,False
09-11-22,4.9052,0.286,False
10-11-22,4.8919,-0.271,False
11-11-22,4.8902,-0.035,False
12-11-22,4.8902,0.0,False
13-11-22,4.8902,0.0,False
14-11-22,4.8982,0.164,False
15-11-22,4.9032,0.102,False
16-11-22,4.9209,0.361,False
17-11-22,4.9267,0.118,False
18-11-22,4.9418,0.306,False
19-11-22,4.9418,0.0,False
20-11-22,4.9418,0.0,False
21-11-22,4.9417,-0.002,False
22-11-22,4.9253,-0.332,False
23-11-22,4.9385,0.268,False
24-11-22,4.9309,-0.154,False
25-11-22,4.925,-0.12,False
26-11-22,4.925,0.0,False
27-11-22,4.925,0.0,False
28-11-22,4.9266,0.032,False
29-11-22,4.9184,-0.166,False
30-11-22,4.9184,0.0,False
01-12-22,4.9184,0.0,False
02-12-22,4.9297,0.23,False
03-12-22,4.9297,0.0,False
04-12-22,4.9297,0.0,False
05-12-22,4.9207,-0.183,False
06-12-22,4.9126,-0.165,False
07-12-22,4.9186,0.122,False
08-12-22,4.9192,0.012,False
09-12-22,4.9211,0.039,False
10-12-22,4.9211,0.0,False
11-12-22,4.9211,0.0,False
12-12-22,4.9286,0.152,False
13-12-22,4.9314,0.057,False
14-12-22,4.9248,-0.134,False
15-12-22,4.9206,-0.085,False
16-12-22,4.9199,-0.014,False
17-12-22,4.9199,0.0,False
18-12-22,4.9199,0.0,False
19-12-22,4.9176,-0.047,False
20-12-22,4.914,-0.073,False
21-12-22,4.9023,-0.238,False
22-12-22,4.8981,-0.086,False
23-12-22,4.902,0.08,False
24-12-22,4.902,0.0,False
25-12-22,4.902,0.0,False
26-12-22,4.902,0.0,False
27-12-22,4.9278,0.526,True
28-12-22,4.9463,0.375,False
29-12-22,4.9458,-0.01,False
30-12-22,4.9474,0.032,False
31-12-22,4.9474,0.0,False
01-01-23,4.9474,0.0,False
02-01-23,4.9474,0.0,False
03-01-23,4.9273,-0.406,True
04-01-23,4.9264,-0.018,False
05-01-23,4.9243,-0.043,False
06-01-23,4.9293,0.102,False
07-01-23,4.9293,0.0,False
08-01-23,4.9293,0.0,False
09-01-23,4.9252,-0.083,False
10-01-23,4.9253,0.002,False
11-01-23,4.9328,0.152,False
12-01-23,4.9359,0.063,False
13-01-23,4.9413,0.109,False
14-01-23,4.9413,0.0,False
15-01-23,4.9413,0.0,False
16-01-23,4.9405,-0.016,False
17-01-23,4.9314,-0.184,False
18-01-23,4.9355,0.083,False
19-01-23,4.9293,-0.126,False
20-01-23,4.9255,-0.077,False
21-01-23,4.9255,0.0,False
22-01-23,4.9255,0.0,False
23-01-23,4.9198,-0.116,False
24-01-23,4.9198,0.0,False
25-01-23,4.9016,-0.37,False
26-01-23,4.8858,-0.322,False
27-01-23,4.8922,0.131,False
28-01-23,4.8922,0.0,False
29-01-23,4.8922,0.0,False
30-01-23,4.903,0.221,False
31-01-23,4.9221,0.39,False
01-02-23,4.9148,-0.148,False
02-02-23,4.9024,-0.252,False
03-02-23,4.9005,-0.039,False
04-02-23,4.9005,0.0,False
05-02-23,4.9005,0.0,False
06-02-23,4.9036,0.063,False
07-02-23,4.9022,-0.029,False
08-02-23,4.8962,-0.122,False
09-02-23,4.89,-0.127,False
10-02-23,4.9045,0.297,False
11-02-23,4.9045,0.0,False
12-02-23,4.9045,0.0,False
13-02-23,4.9037,-0.016,False
14-02-23,4.9012,-0.051,False
15-02-23,4.8993,-0.039,False
16-02-23,4.9007,0.029,False
17-02-23,4.904,0.067,False
18-02-23,4.904,0.0,False
19-02-23,4.904,0.0,False
20-02-23,4.9196,0.318,False
21-02-23,4.9193,-0.006,False
22-02-23,4.9248,0.112,False
23-02-23,4.9115,-0.27,False
24-02-23,4.917,0.112,False
25-02-23,4.917,0.0,False
26-02-23,4.917,0.0,False
27-02-23,4.9185,0.031,False
28-02-23,4.92,0.03,False
01-03-23,4.9267,0.136,False
02-03-23,4.9218,-0.099,False
03-03-23,4.9213,-0.01,False
04-03-23,4.9213,0.0,False
05-03-23,4.9213,0.0,False
06-03-23,4.9209,-0.008,False
07-03-23,4.9209,0.0,False
08-03-23,4.9157,-0.106,False
09-03-23,4.9156,-0.002,False
10-03-23,4.9136,-0.041,False
11-03-23,4.9136,0.0,False
12-03-23,4.9136,0.0,False
13-03-23,4.9155,0.039,False
14-03-23,4.9253,0.199,False
15-03-23,4.9207,-0.093,False
16-03-23,4.919,-0.035,False
17-03-23,4.92,0.02,False
18-03-23,4.92,0.0,False
19-03-23,4.92,0.0,False
20-03-23,4.9219,0.039,False
21-03-23,4.9209,-0.02,False
22-03-23,4.9232,0.047,False
23-03-23,4.9214,-0.037,False
24-03-23,4.9255,0.083,False
25-03-23,4.9255,0.0,False
26-03-23,4.9255,0.0,False
27-03-23,4.9405,0.305,False
28-03-23,4.9481,0.154,False
29-03-23,4.9479,-0.004,False
30-03-23,4.9485,0.012,False
31-03-23,4.9491,0.012,False
01-04-23,4.9491,0.0,False
02-04-23,4.9491,0.0,False
03-04-23,4.9419,-0.145,False
04-04-23,4.938,-0.079,False
05-04-23,4.9316,-0.13,False
06-04-23,4.937,0.109,False
07-04-23,4.9367,-0.006,False
08-04-23,4.9367,0.0,False
09-04-23,4.9367,0.0,False
10-04-23,4.9315,-0.105,False
11-04-23,4.9338,0.047,False
12-04-23,4.9381,0.087,False
13-04-23,4.9432,0.103,False
14-04-23,4.9432,0.0,False
15-04-23,4.9432,0.0,False
16-04-23,4.9432,0.0,False
17-04-23,4.9432,0.0,False
18-04-23,4.9372,-0.121,False
19-04-23,4.933,-0.085,False
20-04-23,4.9305,-0.051,False
21-04-23,4.9401,0.195,False
22-04-23,4.9401,0.0,False
23-04-23,4.9401,0.0,False
24-04-23,4.9293,-0.219,False
25-04-23,4.934,0.095,False
26-04-23,4.9401,0.124,False
27-04-23,4.9439,0.077,False
28-04-23,4.9353,-0.174,False
29-04-23,4.9353,0.0,False
30-04-23,4.9353,0.0,False
01-05-23,4.9353,0.0,False
02-05-23,4.929,-0.128,False
03-05-23,4.9298,0.016,False
04-05-23,4.9295,-0.006,False
05-05-23,4.9273,-0.045,False
06-05-23,4.9273,0.0,False
07-05-23,4.9273,0.0,False
08-05-23,4.9256,-0.035,False
09-05-23,4.9202,-0.11,False
10-05-23,4.9221,0.039,False
11-05-23,4.9294,0.148,False
12-05-23,4.9324,0.061,False
13-05-23,4.9324,0.0,False
14-05-23,4.9324,0.0,False
15-05-23,4.9365,0.083,False
16-05-23,4.9462,0.196,False
17-05-23,4.961,0.299,False
18-05-23,4.9731,0.244,False
19-05-23,4.9783,0.105,False
20-05-23,4.9783,0.0,False
21-05-23,4.9783,0.0,False
22-05-23,4.978,-0.006,False
23-05-23,4.971,-0.141,False
24-05-23,4.9624,-0.173,False
25-05-23,4.9578,-0.093,False
26-05-23,4.9575,-0.006,False
27-05-23,4.9575,0.0,False
28-05-23,4.9575,0.0,False
29-05-23,4.958,0.01,False
30-05-23,4.964,0.121,False
31-05-23,4.9696,0.113,False
01-06-23,4.9696,0.0,False
02-06-23,4.9633,-0.127,False
03-06-23,4.9633,0.0,False
04-06-23,4.9633,0.0,False
05-06-23,4.9633,0.0,False
06-06-23,4.9615,-0.036,False
07-06-23,4.9578,-0.075,False
08-06-23,4.9543,-0.071,False
09-06-23,4.956,0.034,False
10-06-23,4.956,0.0,False
11-06-23,4.956,0.0,False
12-06-23,4.9568,0.016,False
13-06-23,4.9609,0.083,False
14-06-23,4.9559,-0.101,False
15-06-23,4.9586,0.054,False
16-06-23,4.9604,0.036,False
17-06-23,4.9604,0.0,False
18-06-23,4.9604,0.0,False
19-06-23,4.9596,-0.016,False
20-06-23,4.9631,0.071,False
21-06-23,4.9627,-0.008,False
22-06-23,4.9636,0.018,False
23-06-23,4.9561,-0.151,False
24-06-23,4.9561,0.0,False
25-06-23,4.9561,0.0,False
26-06-23,4.9556,-0.01,False
27-06-23,4.963,0.149,False
28-06-23,4.9583,-0.095,False
29-06-23,4.9644,0.123,False
30-06-23,4.9634,-0.02,False
01-07-23,4.9634,0.0,False
02-07-23,4.9634,0.0,False
03-07-23,4.9517,-0.236,False
04-07-23,4.9503,-0.028,False
05-07-23,4.9473,-0.061,False
06-07-23,4.9507,0.069,False
07-07-23,4.954,0.067,False
08-07-23,4.954,0.0,False
09-07-23,4.954,0.0,False
10-07-23,4.9514,-0.052,False
11-07-23,4.9501,-0.026,False
12-07-23,4.951,0.018,False
13-07-23,4.9437,-0.147,False
14-07-23,4.9426,-0.022,False
15-07-23,4.9426,0.0,False
16-07-23,4.9426,0.0,False
17-07-23,4.9406,-0.04,False
18-07-23,4.9385,-0.043,False
19-07-23,4.9465,0.162,False
20-07-23,4.9403,-0.125,False
21-07-23,4.9377,-0.053,False
22-07-23,4.9377,0.0,False
23-07-23,4.9377,0.0,False
24-07-23,4.9245,-0.267,False
25-07-23,4.9198,-0.095,False
26-07-23,4.9292,0.191,False
27-07-23,4.9285,-0.014,False
28-07-23,4.9322,0.075,False
29-07-23,4.9322,0.0,False
30-07-23,4.9322,0.0,False
31-07-23,4.9346,0.049,False
01-08-23,4.9334,-0.024,False
02-08-23,4.9339,0.01,False
03-08-23,4.9382,0.087,False
04-08-23,4.9521,0.281,False
05-08-23,4.9521,0.0,False
06-08-23,4.9521,0.0,False
07-08-23,4.949,-0.063,False
08-08-23,4.9497,0.014,False
09-08-23,4.9477,-0.04,False
10-08-23,4.9433,-0.089,False
11-08-23,4.9418,-0.03,False
12-08-23,4.9418,0.0,False
13-08-23,4.9418,0.0,False
14-08-23,4.9422,0.008,False
15-08-23,4.9422,0.0,False
16-08-23,4.9354,-0.138,False
17-08-23,4.9345,-0.018,False
18-08-23,4.9442,0.197,False
19-08-23,4.9442,0.0,False
20-08-23,4.9442,0.0,False
21-08-23,4.9416,-0.053,False
22-08-23,4.9373,-0.087,False
23-08-23,4.9405,0.065,False
24-08-23,4.9345,-0.121,False
25-08-23,4.9388,0.087,False
26-08-23,4.9388,0.0,False
27-08-23,4.9388,0.0,False
28-08-23,4.9358,-0.061,False
29-08-23,4.9418,0.122,False
30-08-23,4.9424,0.012,False
31-08-23,4.9412,-0.024,False
01-09-23,4.944,0.057,False
02-09-23,4.944,0.0,False
03-09-23,4.944,0.0,False
04-09-23,4.9465,0.051,False
05-09-23,4.9491,0.053,False
06-09-23,4.9615,0.251,False
07-09-23,4.9632,0.034,False
08-09-23,4.9643,0.022,False
09-09-23,4.9643,0.0,False
10-09-23,4.9643,0.0,False
11-09-23,4.966,0.034,False
12-09-23,4.969,0.06,False
13-09-23,4.9697,0.014,False
14-09-23,4.9695,-0.004,False
15-09-23,4.969,-0.01,False
16-09-23,4.969,0.0,False
17-09-23,4.969,0.0,False
18-09-23,4.9679,-0.022,False
19-09-23,4.9691,0.024,False
20-09-23,4.9711,0.04,False
21-09-23,4.9707,-0.008,False
22-09-23,4.9675,-0.064,False
23-09-23,4.9675,0.0,False
24-09-23,4.9675,0.0,False
25-09-23,4.9677,0.004,False
26-09-23,4.9696,0.038,False
27-09-23,4.9743,0.095,False
28-09-23,4.9749,0.012,False
29-09-23,4.9746,-0.006,False
30-09-23,4.9746,0.0,False
01-10-23,4.9746,0.0,False
02-10-23,4.9744,-0.004,False
03-10-23,4.9745,0.002,False
04-10-23,4.9752,0.014,False
05-10-23,4.97,-0.105,False
06-10-23,4.9631,-0.139,False
07-10-23,4.9631,0.0,False
08-10-23,4.9631,0.0,False
09-10-23,4.9682,0.103,False
10-10-23,4.9656,-0.052,False
11-10-23,4.9658,0.004,False
12-10-23,4.9627,-0.062,False
13-10-23,4.9645,0.036,False
14-10-23,4.9645,0.0,False
15-10-23,4.9645,0.0,False
16-10-23,4.9654,0.018,False
17-10-23,4.9676,0.044,False
18-10-23,4.9705,0.058,False
19-10-23,4.972,0.03,False
20-10-23,4.9734,0.028,False
21-10-23,4.9734,0.0,False
22-10-23,4.9734,0.0,False
23-10-23,4.9724,-0.02,False
24-10-23,4.9678,-0.093,False
25-10-23,4.9628,-0.101,False
26-10-23,4.9643,0.03,False
27-10-23,4.9681,0.077,False
28-10-23,4.9681,0.0,False
29-10-23,4.9681,0.0,False
30-10-23,4.9647,-0.068,False
31-10-23,4.9669,0.044,False
01-11-23,4.9685,0.032,False
02-11-23,4.9693,0.016,False
03-11-23,4.9701,0.016,False
04-11-23,4.9701,0.0,False
05-11-23,4.9701,0.0,False
06-11-23,4.9695,-0.012,False
07-11-23,4.9696,0.002,False
08-11-23,4.9674,-0.044,False
09-11-23,4.9673,-0.002,False
10-11-23,4.9692,0.038,False
11-11-23,4.9692,0.0,False
12-11-23,4.9692,0.0,False
13-11-23,4.9703,0.022,False
14-11-23,4.9723,0.04,False
15-11-23,4.9701,-0.044,False
16-11-23,4.9704,0.006,False
17-11-23,4.9711,0.014,False
18-11-23,4.9711,0.0,False
19-11-23,4.9711,0.0,False
20-11-23,4.9709,-0.004,False
21-11-23,4.9706,-0.006,False
22-11-23,4.9707,0.002,False
23-11-23,4.971,0.006,False
24-11-23,4.9703,-0.014,False
25-11-23,4.9703,0.0,False
26-11-23,4.9703,0.0,False
27-11-23,4.9702,-0.002,False
28-11-23,4.9725,0.046,False
29-11-23,4.9726,0.002,False
30-11-23,4.9726,0.0,False
01-12-23,4.9726,0.0,False
02-12-23,4.9726,0.0,False
03-12-23,4.9726,0.0,False
04-12-23,4.9678,-0.097,False
05-12-23,4.9672,-0.012,False
06-12-23,4.9681,0.018,False
07-12-23,4.9679,-0.004,False
08-12-23,4.9677,-0.004,False
09-12-23,4.9677,0.0,False
10-12-23,4.9677,0.0,False
11-12-23,4.9708,0.062,False
12-12-23,4.9724,0.032,False
13-12-23,4.974,0.032,False
14-12-23,4.972,-0.04,False
15-12-23,4.9709,-0.022,False
16-12-23,4.9709,0.0,False
17-12-23,4.9709,0.0,False
18-12-23,4.9676,-0.066,False
19-12-23,4.9704,0.056,False
20-12-23,4.9702,-0.004,False
21-12-23,4.9692,-0.02,False
22-12-23,4.9695,0.006,False
23-12-23,4.9695,0.0,False
24-12-23,4.9695,0.0,False
25-12-23,4.9695,0.0,False
26-12-23,4.9695,0.0,False
27-12-23,4.972,0.05,False
28-12-23,4.9753,0.066,False
29-12-23,4.9746,-0.014,False
30-12-23,4.9746,0.0,False
31-12-23,4.9746,0.0,False
01-01-24,4.9746,0.0,False
02-01-24,4.9746,0.0,False
03-01-24,4.9731,-0.03,False
04-01-24,4.973,-0.002,False
05-01-24,4.9744,0.028,False
06-01-24,4.9744,0.0,False
07-01-24,4.9744,0.0,False
08-01-24,4.972,-0.048,False
09-01-24,4.9715,-0.01,False
10-01-24,4.9724,0.018,False
11-01-24,4.9723,-0.002,False
12-01-24,4.9731,0.016,False
13-01-24,4.9731,0.0,False
14-01-24,4.9731,0.0,False
15-01-24,4.9736,0.01,False
16-01-24,4.9761,0.05,False
17-01-24,4.9752,-0.018,False
18-01-24,4.9765,0.026,False
19-01-24,4.9769,0.008,False
20-01-24,4.9769,0.0,False
21-01-24,4.9769,0.0,False
22-01-24,4.9768,-0.002,False
23-01-24,4.9767,-0.002,False
24-01-24,4.9767,0.0,False
25-01-24,4.9765,-0.004,False
26-01-24,4.9763,-0.004,False
27-01-24,4.9763,0.0,False
28-01-24,4.9763,0.0,False
29-01-24,4.977,0.014,False
30-01-24,4.9769,-0.002,False
31-01-24,4.9759,-0.02,False
01-02-24,4.9747,-0.024,False
02-02-24,4.9728,-0.038,False
03-02-24,4.9728,0.0,False
04-02-24,4.9728,0.0,False
05-02-24,4.9736,0.016,False
06-02-24,4.976,0.048,False
07-02-24,4.9769,0.018,False
08-02-24,4.9764,-0.01,False
09-02-24,4.977,0.012,False
10-02-24,4.977,0.0,False
11-02-24,4.977,0.0,False
12-02-24,4.9753,-0.034,False
13-02-24,4.9761,0.016,False
14-02-24,4.976,-0.002,False
15-02-24,4.9767,0.014,False
16-02-24,4.977,0.006,False
17-02-24,4.977,0.0,False
18-02-24,4.977,0.0,False
19-02-24,4.9773,0.006,False
20-02-24,4.9771,-0.004,False
21-02-24,4.9759,-0.024,False
22-02-24,4.9769,0.02,False
23-02-24,4.9753,-0.032,False
24-02-24,4.9753,0.0,False
25-02-24,4.9753,0.0,False
26-02-24,4.9731,-0.044,False
27-02-24,4.9686,-0.09,False
28-02-24,4.97,0.028,False
29-02-24,4.969,-0.02,False
01-03-24,4.9699,0.018,False
02-03-24,4.9699,0.0,False
03-03-24,4.9699,0.0,False
04-03-24,4.9698,-0.002,False
05-03-24,4.9719,0.042,False
06-03-24,4.9718,-0.002,False
07-03-24,4.9707,-0.022,False
08-03-24,4.9691,-0.032,False
09-03-24,4.9691,0.0,False
10-03-24,4.9691,0.0,False
11-03-24,4.9671,-0.04,False
12-03-24,4.9665,-0.012,False
13-03-24,4.9675,0.02,False
14-03-24,4.9712,0.074,False
15-03-24,4.9707,-0.01,False
16-03-24,4.9707,0.0,False
17-03-24,4.9707,0.0,False
18-03-24,4.9715,0.016,False
19-03-24,4.9741,0.052,False
20-03-24,4.9739,-0.004,False
21-03-24,4.974,0.002,False
22-03-24,4.9727,-0.026,False
23-03-24,4.9727,0.0,False
24-03-24,4.9727,0.0,False
25-03-24,4.9711,-0.032,False
26-03-24,4.9712,0.002,False
27-03-24,4.971,-0.004,False
28-03-24,4.973,0.04,False
29-03-24,4.9695,-0.07,False
30-03-24,4.9695,0.0,False
31-03-24,4.9695,0.0,False
01-04-24,4.97,0.01,False
02-04-24,4.9705,0.01,False
03-04-24,4.9689,-0.032,False
04-04-24,4.9708,0.038,False
05-04-24,4.9681,-0.054,False
06-04-24,4.9681,0.0,False
07-04-24,4.9681,0.0,False
08-04-24,4.9678,-0.006,False
09-04-24,4.9682,0.008,False
10-04-24,4.9692,0.02,False
11-04-24,4.9703,0.022,False
12-04-24,4.9714,0.022,False
13-04-24,4.9714,0.0,False
14-04-24,4.9714,0.0,False
15-04-24,4.9737,0.046,False
16-04-24,4.9763,0.052,False
17-04-24,4.9754,-0.018,False
18-04-24,4.9763,0.018,False
19-04-24,4.9764,0.002,False
20-04-24,4.9764,0.0,False
21-04-24,4.9764,0.0,False
22-04-24,4.9758,-0.012,False
23-04-24,4.9762,0.008,False
24-04-24,4.9761,-0.002,False
25-04-24,4.9763,0.004,False
26-04-24,4.9765,0.004,False
27-04-24,4.9765,0.0,False
28-04-24,4.9765,0.0,False
29-04-24,4.9758,-0.014,False
30-04-24,4.9759,0.002,False
01-05-24,4.9759,0.0,False
02-05-24,4.9764,0.01,False
03-05-24,4.9764,0.0,False
04-05-24,4.9764,0.0,False
05-05-24,4.9764,0.0,False
06-05-24,4.9764,0.0,False
07-05-24,4.9757,-0.014,False
08-05-24,4.9761,0.008,False
09-05-24,4.9753,-0.016,False
10-05-24,4.9756,0.006,False
11-05-24,4.9756,0.0,False
12-05-24,4.9756,0.0,False
13-05-24,4.9765,0.018,False
14-05-24,4.9763,-0.004,False
15-05-24,4.9765,0.004,False
16-05-24,4.9756,-0.018,False
17-05-24,4.9751,-0.01,False
18-05-24,4.9751,0.0,False
19-05-24,4.9751,0.0,False
20-05-24,4.9748,-0.006,False
21-05-24,4.9746,-0.004,False
22-05-24,4.9745,-0.002,False
23-05-24,4.9757,0.024,False
24-05-24,4.9744,-0.026,False
25-05-24,4.9744,0.0,False
26-05-24,4.9744,0.0,False
27-05-24,4.9767,0.046,False
28-05-24,4.9759,-0.016,False
29-05-24,4.9762,0.006,False
30-05-24,4.9766,0.008,False
31-05-24,4.9767,0.002,False
01-06-24,4.9767,0.0,False
02-06-24,4.9767,0.0,False
03-06-24,4.9761,-0.012,False
04-06-24,4.9752,-0.018,False
05-06-24,4.9758,0.012,False
06-06-24,4.9763,0.01,False
07-06-24,4.976,-0.006,False
08-06-24,4.976,0.0,False
09-06-24,4.976,0.0,False
10-06-24,4.9765,0.01,False
11-06-24,4.9767,0.004,False
12-06-24,4.9766,-0.002,False
13-06-24,4.9772,0.012,False
14-06-24,4.9771,-0.002,False
15-06-24,4.9771,0.0,False
16-06-24,4.9771,0.0,False
17-06-24,4.9768,-0.006,False
18-06-24,4.9766,-0.004,False
19-06-24,4.9763,-0.006,False
20-06-24,4.977,0.014,False
21-06-24,4.9771,0.002,False
22-06-24,4.9771,0.0,False
23-06-24,4.9771,0.0,False
24-06-24,4.9771,0.0,False
25-06-24,4.9768,-0.006,False
26-06-24,4.9769,0.002,False
27-06-24,4.9768,-0.002,False
28-06-24,4.9771,0.006,False
29-06-24,4.9771,0.0,False
30-06-24,4.9771,0.0,False
01-07-24,4.977,-0.002,False
02-07-24,4.977,0.0,False
03-07-24,4.9771,0.002,False
04-07-24,4.9772,0.002,False
05-07-24,4.9773,0.002,False
06-07-24,4.9773,0.0,False
07-07-24,4.9773,0.0,False
08-07-24,4.9755,-0.036,False
09-07-24,4.9735,-0.04,False
10-07-24,4.9736,0.002,False
11-07-24,4.9749,0.026,False
12-07-24,4.9737,-0.024,False
13-07-24,4.9737,0.0,False
14-07-24,4.9737,0.0,False
15-07-24,4.97,-0.074,False
16-07-24,4.9655,-0.091,False
17-07-24,4.9681,0.052,False
18-07-24,4.9692,0.022,False
19-07-24,4.9709,0.034,False
20-07-24,4.9709,0.0,False
21-07-24,4.9709,0.0,False
22-07-24,4.9716,0.014,False
23-07-24,4.9729,0.026,False
24-07-24,4.9704,-0.05,False
25-07-24,4.969,-0.028,False
26-07-24,4.97,0.02,False
27-07-24,4.97,0.0,False
28-07-24,4.97,0.0,False
29-07-24,4.972,0.04,False
30-07-24,4.9753,0.066,False
31-07-24,4.9752,-0.002,False
01-08-24,4.976,0.016,False
02-08-24,4.9753,-0.014,False
03-08-24,4.9753,0.0,False
04-08-24,4.9753,0.0,False
05-08-24,4.9769,0.032,False
06-08-24,4.9768,-0.002,False
07-08-24,4.9766,-0.004,False
08-08-24,4.9767,0.002,False
09-08-24,4.9769,0.004,False
10-08-24,4.9769,0.0,False
11-08-24,4.9769,0.0,False
12-08-24,4.9765,-0.008,False
13-08-24,4.9764,-0.002,False
14-08-24,4.9761,-0.006,False
15-08-24,4.9761,0.0,False
16-08-24,4.9754,-0.014,False
17-08-24,4.9754,0.0,False
18-08-24,4.9754,0.0,False
19-08-24,4.9773,0.038,False
20-08-24,4.9769,-0.008,False
21-08-24,4.9772,0.006,False
22-08-24,4.9765,-0.014,False
23-08-24,4.9767,0.004,False
24-08-24,4.9767,0.0,False
25-08-24,4.9767,0.0,False
26-08-24,4.9753,-0.028,False
27-08-24,4.9765,0.024,False
28-08-24,4.9771,0.012,False
29-08-24,4.9772,0.002,False
30-08-24,4.9769,-0.006,False
31-08-24,4.9769,0.0,False
01-09-24,4.9769,0.0,False
02-09-24,4.9755,-0.028,False
03-09-24,4.9738,-0.034,False
04-09-24,4.9729,-0.018,False
05-09-24,4.9711,-0.036,False
06-09-24,4.9728,0.034,False
07-09-24,4.9728,0.0,False
08-09-24,4.9728,0.0,False
09-09-24,4.9741,0.026,False
10-09-24,4.9742,0.002,False
11-09-24,4.974,-0.004,False
12-09-24,4.9742,0.004,False
13-09-24,4.9737,-0.01,False
14-09-24,4.9737,0.0,False
15-09-24,4.9737,0.0,False
16-09-24,4.9743,0.012,False
17-09-24,4.9738,-0.01,False
18-09-24,4.9746,0.016,False
19-09-24,4.9744,-0.004,False
20-09-24,4.9745,0.002,False
21-09-24,4.9745,0.0,False
22-09-24,4.9745,0.0,False
23-09-24,4.9741,-0.008,False
24-09-24,4.9757,0.032,False
25-09-24,4.9758,0.002,False
26-09-24,4.9759,0.002,False
27-09-24,4.976,0.002,False
28-09-24,4.976,0.0,False
29-09-24,4.976,0.0,False
30-09-24,4.9756,-0.008,False
01-10-24,4.9758,0.004,False
02-10-24,4.9764,0.012,False
03-10-24,4.9763,-0.002,False
04-10-24,4.9766,0.006,False
05-10-24,4.9766,0.0,False
06-10-24,4.9766,0.0,False
07-10-24,4.977,0.008,False
08-10-24,4.9771,0.002,False
09-10-24,4.9763,-0.016,False
10-10-24,4.9759,-0.008,False
11-10-24,4.9752,-0.014,False
12-10-24,4.9752,0.0,False
13-10-24,4.9752,0.0,False
14-10-24,4.9744,-0.016,False
15-10-24,4.9755,0.022,False
16-10-24,4.9758,0.006,False
17-10-24,4.972,-0.076,False
18-10-24,4.9724,0.008,False
19-10-24,4.9724,0.0,False
20-10-24,4.9724,0.0,False
21-10-24,4.9722,-0.004,False
22-10-24,4.9731,0.018,False
23-10-24,4.9735,0.008,False
24-10-24,4.9733,-0.004,False
25-10-24,4.9732,-0.002,False
26-10-24,4.9732,0.0,False
27-10-24,4.9732,0.0,False
28-10-24,4.9735,0.006,False
29-10-24,4.9747,0.024,False
30-10-24,4.9746,-0.002,False
31-10-24,4.9745,-0.002,False
01-11-24,4.9747,0.004,False
02-11-24,4.9747,0.0,False
03-11-24,4.9747,0.0,False
04-11-24,4.9748,0.002,False
05-11-24,4.975,0.004,False
06-11-24,4.9755,0.01,False
07-11-24,4.9757,0.004,False
08-11-24,4.975,-0.014,False
09-11-24,4.975,0.0,False
10-11-24,4.975,0.0,False
11-11-24,4.9749,-0.002,False
12-11-24,4.9761,0.024,False
13-11-24,4.9764,0.006,False
14-11-24,4.9759,-0.01,False
15-11-24,4.9765,0.012,False
16-11-24,4.9765,0.0,False
17-11-24,4.9765,0.0,False
18-11-24,4.9764,-0.002,False
19-11-24,4.9769,0.01,False
20-11-24,4.9762,-0.014,False
21-11-24,4.9766,0.008,False
22-11-24,4.9759,-0.014,False
23-11-24,4.9759,0.0,False
24-11-24,4.9759,0.0,False
25-11-24,4.9767,0.016,False
26-11-24,4.9768,0.002,False
27-11-24,4.9765,-0.006,False
28-11-24,4.9769,0.008,False
29-11-24,4.9771,0.004,False
30-11-24,4.9771,0.0,False
01-12-24,4.9771,0.0,False
02-12-24,4.9769,-0.004,False
03-12-24,4.977,0.002,False
04-12-24,4.977,0.0,False
05-12-24,4.9771,0.002,False
06-12-24,4.9773,0.004,False
07-12-24,4.9773,0.0,False
08-12-24,4.9773,0.0,False
09-12-24,4.9717,-0.113,False
10-12-24,4.9709,-0.016,False
11-12-24,4.9684,-0.05,False
12-12-24,4.9708,0.048,False
13-12-24,4.9732,0.048,False
14-12-24,4.9732,0.0,False
15-12-24,4.9732,0.0,False
16-12-24,4.9759,0.054,False
17-12-24,4.9756,-0.006,False
18-12-24,4.9755,-0.002,False
19-12-24,4.9749,-0.012,False
20-12-24,4.9764,0.03,False
21-12-24,4.9764,0.0,False
22-12-24,4.9764,0.0,False
23-12-24,4.9759,-0.01,False
24-12-24,4.9748,-0.022,False
25-12-24,4.9748,0.0,False
26-12-24,4.9748,0.0,False
27-12-24,4.9765,0.034,False
28-12-24,4.9765,0.0,False
29-12-24,4.9765,0.0,False
30-12-24,4.9764,-0.002,False
31-12-24,4.9741,-0.046,False
01-01-25,4.9741,0.0,False
02-01-25,4.9741,0.0,False
03-01-25,4.9749,0.016,False
04-01-25,4.9749,0.0,False
05-01-25,4.9749,0.0,False
06-01-25,4.9749,0.0,False
07-01-25,4.9749,0.0,False
08-01-25,4.9738,-0.022,False
09-01-25,4.9736,-0.004,False
10-01-25,4.9728,-0.016,False
11-01-25,4.9728,0.0,False
12-01-25,4.9728,0.0,False
13-01-25,4.9731,0.006,False
14-01-25,4.9742,0.022,False
15-01-25,4.975,0.016,False
16-01-25,4.9749,-0.002,False
17-01-25,4.9759,0.02,False
18-01-25,4.9759,0.0,False
19-01-25,4.9759,0.0,False
20-01-25,4.9765,0.012,False
21-01-25,4.9764,-0.002,False
22-01-25,4.9768,0.008,False
23-01-25,4.9763,-0.01,False
24-01-25,4.9763,0.0,False
25-01-25,4.9763,0.0,False
26-01-25,4.9763,0.0,False
27-01-25,4.9756,-0.014,False
28-01-25,4.9748,-0.016,False
29-01-25,4.9759,0.022,False
30-01-25,4.9761,0.004,False
31-01-25,4.9767,0.012,False
01-02-25,4.9767,0.0,False
02-02-25,4.9767,0.0,False
03-02-25,4.9766,-0.002,False
04-02-25,4.9769,0.006,False
05-02-25,4.9766,-0.006,False
06-02-25,4.9764,-0.004,False
07-02-25,4.9767,0.006,False
08-02-25,4.9767,0.0,False
09-02-25,4.9767,0.0,False
10-02-25,4.9765,-0.004,False
11-02-25,4.9771,0.012,False
12-02-25,4.977,-0.002,False
13-02-25,4.9773,0.006,False
14-02-25,4.9771,-0.004,False
15-02-25,4.9771,0.0,False
16-02-25,4.9771,0.0,False
17-02-25,4.977,-0.002,False
18-02-25,4.9771,0.002,False
19-02-25,4.9772,0.002,False
20-02-25,4.9773,0.002,False
21-02-25,4.9773,0.0,False
22-02-25,4.9773,0.0,False
23-02-25,4.9773,0.0,False
24-02-25,4.977,-0.006,False
25-02-25,4.9773,0.006,False
26-02-25,4.9774,0.002,False
27-02-25,4.9773,-0.002,False
28-02-25,4.9765,-0.016,False
01-03-25,4.9765,0.0,False
02-03-25,4.9765,0.0,False
03-03-25,4.9774,0.018,False
04-03-25,4.9769,-0.01,False
05-03-25,4.977,0.002,False
06-03-25,4.976,-0.02,False
07-03-25,4.9756,-0.008,False
08-03-25,4.9756,0.0,False
09-03-25,4.9756,0.0,False
10-03-25,4.9766,0.02,False
11-03-25,4.9772,0.012,False
12-03-25,4.9771,-0.002,False
13-03-25,4.977,-0.002,False
14-03-25,4.9768,-0.004,False
15-03-25,4.9768,0.0,False
16-03-25,4.9768,0.0,False
17-03-25,4.9773,0.01,False
18-03-25,4.9774,0.002,False
19-03-25,4.9769,-0.01,False
20-03-25,4.9768,-0.002,False
21-03-25,4.977,0.004,False
22-03-25,4.977,0.0,False
23-03-25,4.977,0.0,False
24-03-25,4.9766,-0.008,False
25-03-25,4.9754,-0.024,False
26-03-25,4.9761,0.014,False
27-03-25,4.9772,0.022,False
28-03-25,4.9773,0.002,False
29-03-25,4.9773,0.0,False
30-03-25,4.9773,0.0,False
31-03-25,4.9771,-0.004,False
01-04-25,4.977,-0.002,False
02-04-25,4.9774,0.008,False
03-04-25,4.9772,-0.004,False
04-04-25,4.977,-0.004,False
05-04-25,4.977,0.0,False
06-04-25,4.977,0.0,False
07-04-25,4.9774,0.008,False
08-04-25,4.9772,-0.004,False
09-04-25,4.9775,0.006,False
10-04-25,4.9772,-0.006,False
11-04-25,4.9774,0.004,False
12-04-25,4.9774,0.0,False
13-04-25,4.9774,0.0,False
14-04-25,4.9775,0.002,False
15-04-25,4.9774,-0.002,False
16-04-25,4.9775,0.002,False
17-04-25,4.9773,-0.004,False
18-04-25,4.9773,0.0,False
19-04-25,4.9773,0.0,False
20-04-25,4.9773,0.0,False
21-04-25,4.9773,0.0,False
22-04-25,4.9774,0.002,False
23-04-25,4.9775,0.002,False
24-04-25,4.9772,-0.006,False
25-04-25,4.9774,0.004,False
26-04-25,4.9774,0.0,False
27-04-25,4.9774,0.0,False
28-04-25,4.9775,0.002,False
29-04-25,4.9774,-0.002,False
30-04-25,4.9775,0.002,False
01-05-25,4.9775,0.0,False
02-05-25,4.9773,-0.004,False
03-05-25,4.9773,0.0,False
04-05-25,4.9773,0.0,False
05-05-25,4.9775,0.004,False
06-05-25,5.0378,1.211,True
07-05-25,5.0991,1.217,True
08-05-25,5.1222,0.453,True
09-05-25,5.1165,-0.111,False
10-05-25,5.1165,0.0,False
11-05-25,5.1165,0.0,False
12-05-25,5.0993,-0.336,False
13-05-25,5.0991,-0.004,False
14-05-25,5.1036,0.088,False
15-05-25,5.1032,-0.008,False
16-05-25,5.1033,0.002,False
17-05-25,5.1033,0.0,False
18-05-25,5.1033,0.0,False
19-05-25,5.0315,-1.407,True
20-05-25,5.0848,1.059,True
21-05-25,5.073,-0.232,False
22-05-25,5.0564,-0.327,False
23-05-25,5.055,-0.028,False
24-05-25,5.055,0.0,False
25-05-25,5.055,0.0,False
26-05-25,5.0612,0.123,False
27-05-25,5.0625,0.026,False
28-05-25,5.0553,-0.142,False
29-05-25,5.0667,0.226,False
30-05-25,5.0639,-0.055,False
31-05-25,5.0639,0.0,False
01-06-25,5.0639,0.0,False
02-06-25,5.0572,-0.132,False
03-06-25,5.0587,0.03,False
04-06-25,5.0558,-0.057,False
05-06-25,5.0537,-0.042,False
06-06-25,5.0422,-0.228,False
07-06-25,5.0422,0.0,False
08-06-25,5.0422,0.0,False
09-06-25,5.0422,0.0,False
10-06-25,5.0366,-0.111,False
11-06-25,5.0251,-0.228,False
12-06-25,5.0291,0.08,False
13-06-25,5.032,0.058,False
14-06-25,5.032,0.0,False
15-06-25,5.032,0.0,False
16-06-25,5.029,-0.06,False
17-06-25,5.0263,-0.054,False
18-06-25,5.0325,0.123,False
19-06-25,5.0317,-0.016,False
20-06-25,5.0472,0.308,False
21-06-25,5.0472,0.0,False
22-06-25,5.0472,0.0,False
23-06-25,5.0453,-0.038,False
24-06-25,5.0522,0.137,False
25-06-25,5.0538,0.032,False
26-06-25,5.0717,0.354,False
27-06-25,5.078,0.124,False
28-06-25,5.078,0.0,False
29-06-25,5.078,0.0,False
30-06-25,5.0777,-0.006,False
01-07-25,5.0772,-0.01,False
02-07-25,5.0665,-0.211,False
03-07-25,5.0603,-0.122,False
04-07-25,5.06,-0.006,False
05-07-25,5.06,0.0,False
06-07-25,5.06,0.0,False
07-07-25,5.0645,0.089,False
08-07-25,5.0677,0.063,False
09-07-25,5.0759,0.162,False
10-07-25,5.0774,0.03,False
11-07-25,5.081,0.071,False
12-07-25,5.081,0.0,False
13-07-25,5.081,0.0,False
14-07-25,5.0795,-0.03,False
15-07-25,5.0798,0.006,False
16-07-25,5.0722,-0.15,False
17-07-25,5.0724,0.004,False
18-07-25,5.0736,0.024,False
19-07-25,5.0736,0.0,False
20-07-25,5.0736,0.0,False
21-07-25,5.0703,-0.065,False
22-07-25,5.0705,0.004,False
23-07-25,5.0693,-0.024,False
24-07-25,5.0692,-0.002,False
25-07-25,5.0708,0.032,False
26-07-25,5.0708,0.0,False
27-07-25,5.0708,0.0,False
28-07-25,5.0704,-0.008,False
29-07-25,5.0751,0.093,False
30-07-25,5.077,0.037,False
31-07-25,5.0764,-0.012,False
01-08-25,5.077,0.012,False
02-08-25,5.077,0.0,False
03-08-25,5.077,0.0,False
04-08-25,5.0742,-0.055,False
05-08-25,5.0749,0.014,False
06-08-25,5.0747,-0.004,False
07-08-25,5.0736,-0.022,False
08-08-25,5.0711,-0.049,False
09-08-25,5.0711,0.0,False
10-08-25,5.0711,0.0,False
11-08-25,5.0676,-0.069,False
12-08-25,5.0683,0.014,False
13-08-25,5.0633,-0.099,False
14-08-25,5.0628,-0.01,False
15-08-25,5.0628,0.0,False
16-08-25,5.0628,0.0,False
17-08-25,5.0628,0.0,False
18-08-25,5.0588,-0.079,False
19-08-25,5.0573,-0.03,False
20-08-25,5.0611,0.075,False
21-08-25,5.0578,-0.065,False
22-08-25,5.0545,-0.065,False
23-08-25,5.0545,0.0,False
24-08-25,5.0545,0.0,False
25-08-25,5.0539,-0.012,False
26-08-25,5.0552,0.026,False
27-08-25,5.0629,0.152,False
28-08-25,5.0672,0.085,False
29-08-25,5.0722,0.099,False
30-08-25,5.0722,0.0,False
31-08-25,5.0722,0.0,False
01-09-25,5.0725,0.006,False
02-09-25,5.0781,0.11,False
03-09-25,5.0779,-0.004,False
04-09-25,5.0772,-0.014,False
05-09-25,5.0787,0.03,False
06-09-25,5.0787,0.0,False
07-09-25,5.0787,0.0,False
08-09-25,5.0716,-0.14,False
09-09-25,5.0737,0.041,False
10-09-25,5.0733,-0.008,False
11-09-25,5.0707,-0.051,False
12-09-25,5.0694,-0.026,False
13-09-25,5.0694,0.0,False
14-09-25,5.0694,0.0,False
15-09-25,5.0632,-0.122,False
16-09-25,5.0634,0.004,False
17-09-25,5.067,0.071,False
18-09-25,5.0695,0.049,False
19-09-25,5.0719,0.047,False
20-09-25,5.0719,0.0,False
21-09-25,5.0719,0.0,False
22-09-25,5.0753,0.067,False
23-09-25,5.0774,0.041,False
24-09-25,5.0784,0.02,False
25-09-25,5.0754,-0.059,False
26-09-25,5.0772,0.035,False
27-09-25,5.0772,0.0,False
28-09-25,5.0772,0.0,False
29-09-25,5.0783,0.022,False
30-09-25,5.0811,0.055,False
01-10-25,5.082,0.018,False
02-10-25,5.0837,0.033,False
03-10-25,5.0889,0.102,False
04-10-25,5.0889,0.0,False
05-10-25,5.0889,0.0,False
06-10-25,5.0886,-0.006,False
07-10-25,5.0916,0.059,False
08-10-25,5.0963,0.092,False
09-10-25,5.0953,-0.02,False
10-10-25,5.0927,-0.051,False
11-10-25,5.0927,0.0,False
12-10-25,5.0927,0.0,False
13-10-25,5.0903,-0.047,False
14-10-25,5.0879,-0.047,False
15-10-25,5.0885,0.012,False
16-10-25,5.0884,-0.002,False
17-10-25,5.0889,0.01,False
18-10-25,5.0889,0.0,False
19-10-25,5.0889,0.0,False
20-10-25,5.089,0.002,False
21-10-25,5.0832,-0.114,False
22-10-25,5.0831,-0.002,False
23-10-25,5.0823,-0.016,False
24-10-25,5.0835,0.024,False
25-10-25,5.0835,0.0,False
26-10-25,5.0835,0.0,False
27-10-25,5.0848,0.026,False
28-10-25,5.0844,-0.008,False
29-10-25,5.0829,-0.03,False
30-10-25,5.0856,0.053,False
31-10-25,5.0851,-0.01,False
01-11-25,5.0851,0.0,False
02-11-25,5.0851,0.0,False
03-11-25,5.0861,0.02,False
04-11-25,5.0865,0.008,False
05-11-25,5.0851,-0.028,False
06-11-25,5.0845,-0.012,False
07-11-25,5.086,0.03,False
08-11-25,5.086,0.0,False
09-11-25,5.086,0.0,False
10-11-25,5.0854,-0.012,False
11-11-25,5.0845,-0.018,False
12-11-25,5.0846,0.002,False
13-11-25,5.0839,-0.014,False
14-11-25,5.0847,0.016,False
15-11-25,5.0847,0.0,False
16-11-25,5.0847,0.0,False
17-11-25,5.0844,-0.006,False
18-11-25,5.0859,0.03,False
19-11-25,5.0889,0.059,False
20-11-25,5.0889,0.0,False
21-11-25,5.0891,0.004,False
22-11-25,5.0891,0.0,False
23-11-25,5.0891,0.0,False
24-11-25,5.0871,-0.039,False
25-11-25,5.089,0.037,False
26-11-25,5.0903,0.026,False
27-11-25,5.0901,-0.004,False
28-11-25,5.0906,0.01,False
29-11-25,5.0906,0.0,False
30-11-25,5.0906,0.0,False
01-12-25,5.0906,0.0,False
02-12-25,5.0893,-0.026,False
03-12-25,5.091,0.033,False
04-12-25,5.092,0.02,False
05-12-25,5.0919,-0.002,False
06-12-25,5.0919,0.0,False
07-12-25,5.0919,0.0,False
08-12-25,5.0899,-0.039,False
09-12-25,5.0897,-0.004,False
10-12-25,5.0894,-0.006,False
11-12-25,5.0898,0.008,False
12-12-25,5.0904,0.012,False
13-12-25,5.0904,0.0,False
14-12-25,5.0904,0.0,False
15-12-25,5.0914,0.02,False
16-12-25,5.092,0.012,False
17-12-25,5.0923,0.006,False
18-12-25,5.0911,-0.024,False
19-12-25,5.0896,-0.029,False
20-12-25,5.0896,0.0,False
21-12-25,5.0896,0.0,False
22-12-25,5.0881,-0.029,False
23-12-25,5.0908,0.053,False
24-12-25,5.089,-0.035,False
25-12-25,5.089,0.0,False
26-12-25,5.089,0.0,False
27-12-25,5.089,0.0,False
28-12-25,5.089,0.0,False
29-12-25,5.092,0.059,False
30-12-25,5.0963,0.084,False
31-12-25,5.0985,0.043,False
01-01-26,5.0985,0.0,False
02-01-26,5.0985,0.0,False
03-01-26,5.0985,0.0,False
04-01-26,5.0985,0.0,False
05-01-26,5.0905,-0.157,False
06-01-26,5.0905,0.0,False
07-01-26,5.0905,0.0,False
08-01-26,5.0871,-0.067,False
09-01-26,5.0887,0.031,False
10-01-26,5.0887,0.0,False
11-01-26,5.0887,0.0,False
12-01-26,5.0896,0.018,False
13-01-26,5.0896,0.0,False
14-01-26,5.0897,0.002,False
15-01-26,5.0891,-0.012,False
16-01-26,5.0894,0.006,False
17-01-26,5.0894,0.0,False
18-01-26,5.0894,0.0,False
19-01-26,5.0921,0.053,False
20-01-26,5.0929,0.016,False
21-01-26,5.0961,0.063,False
22-01-26,5.0936,-0.049,False
23-01-26,5.0943,0.014,False
24-01-26,5.0943,0.0,False
25-01-26,5.0943,0.0,False
26-01-26,5.096,0.033,False
27-01-26,5.0959,-0.002,False
28-01-26,5.096,0.002,False
29-01-26,5.0957,-0.006,False
30-01-26,5.0961,0.008,False
31-01-26,5.0961,0.0,False
01-02-26,5.0961,0.0,False
02-02-26,5.0959,-0.004,False
03-02-26,5.095,-0.018,False
04-02-26,5.0943,-0.014,False
05-02-26,5.0945,0.004,False
06-02-26,5.0923,-0.043,False
07-02-26,5.0923,0.0,False
08-02-26,5.0923,0.0,False
09-02-26,5.0934,0.022,False
10-02-26,5.091,-0.047,False
11-02-26,5.0914,0.008,False
12-02-26,5.0934,0.039,False
13-02-26,5.0943,0.018,False
14-02-26,5.0943,0.0,False
15-02-26,5.0943,0.0,False
16-02-26,5.0953,0.02,False
17-02-26,5.0965,0.024,False
18-02-26,5.0941,-0.047,False
19-02-26,5.0956,0.029,False
20-02-26,5.0974,0.035,False
21-02-26,5.0974,0.0,False
22-02-26,5.0974,0.0,False
23-02-26,5.0968,-0.012,False
24-02-26,5.0954,-0.027,False
25-02-26,5.0953,-0.002,False
26-02-26,5.0955,0.004,False
27-02-26,5.0953,-0.004,False
28-02-26,5.0953,0.0,False
01-03-26,5.0953,0.0,False
02-03-26,5.0972,0.037,False
03-03-26,5.0981,0.018,False
04-03-26,5.0959,-0.043,False
05-03-26,5.0937,-0.043,False
06-03-26,5.0941,0.008,False
07-03-26,5.0941,0.0,False
08-03-26,5.0941,0.0,False
09-03-26,5.0979,0.075,False
10-03-26,5.0955,-0.047,False
11-03-26,5.0937,-0.035,False
12-03-26,5.0938,0.002,False
13-03-26,5.0947,0.018,False
14-03-26,5.0947,0.0,False
15-03-26,5.0947,0.0,False
16-03-26,5.0949,0.004,False
17-03-26,5.0937,-0.024,False
18-03-26,5.094,0.006,False
19-03-26,5.0959,0.037,False
20-03-26,5.0951,-0.016,False
21-03-26,5.0951,0.0,False
22-03-26,5.0951,0.0,False
23-03-26,5.0989,0.075,False
24-03-26,5.0962,-0.053,False
25-03-26,5.0952,-0.02,False
26-03-26,5.0953,0.002,False
27-03-26,5.0991,0.075,False
28-03-26,5.0991,0.0,False
29-03-26,5.0991,0.0,False
30-03-26,5.0989,-0.004,False
31-03-26,5.0988,-0.002,False
01-04-26,5.0985,-0.006,False
02-04-26,5.0986,0.002,False
03-04-26,5.0978,-0.016,False
04-04-26,5.0978,0.0,False
05-04-26,5.0978,0.0,False
06-04-26,5.0961,-0.033,False
07-04-26,5.0963,0.004,False
08-04-26,5.0949,-0.027,False
09-04-26,5.0937,-0.024,False
10-04-26,5.0937,0.0,False
11-04-26,5.0937,0.0,False
12-04-26,5.0937,0.0,False
13-04-26,5.0937,0.0,False
14-04-26,5.092,-0.033,False
15-04-26,5.0914,-0.012,False
16-04-26,5.0918,0.008,False
17-04-26,5.0987,0.136,False
18-04-26,5.0987,0.0,False
19-04-26,5.0987,0.0,False
20-04-26,5.0989,0.004,False
21-04-26,5.0988,-0.002,False
22-04-26,5.0951,-0.073,False
23-04-26,5.0924,-0.053,False
24-04-26,5.0928,0.008,False
25-04-26,5.0928,0.0,False
26-04-26,5.0928,0.0,False
27-04-26,5.0927,-0.002,False
28-04-26,5.0937,0.02,False
29-04-26,5.1004,0.132,False
30-04-26,5.1417,0.81,True
01-05-26,5.1417,0.0,False
02-05-26,5.1417,0.0,False
03-05-26,5.1417,0.0,False
04-05-26,5.1998,1.13,True
05-05-26,5.218,0.35,False
06-05-26,5.2688,0.974,True
07-05-26,5.2661,-0.051,False
08-05-26,5.2364,-0.564,True
09-05-26,5.2364,0.0,False
10-05-26,5.2364,0.0,False
11-05-26,5.2222,-0.271,False
12-05-26,5.2103,-0.228,False
13-05-26,5.2056,-0.09,False
14-05-26,5.2052,-0.008,False
15-05-26,5.2088,0.069,False
16-05-26,5.2088,0.0,False
17-05-26,5.2088,0.0,False
18-05-26,5.2105,0.033,False
19-05-26,5.227,0.317,False
20-05-26,5.2358,0.168,False
21-05-26,5.2432,0.141,False
22-05-26,5.2488,0.107,False
23-05-26,5.2488,0.0,False
24-05-26,5.2488,0.0,False
25-05-26,5.2467,-0.04,False
26-05-26,5.2359,-0.206,False
27-05-26,5.2393,0.065,False
28-05-26,5.2484,0.174,False
29-05-26,5.2489,0.01,False
30-05-26,5.2489,0.0,False
31-05-26,5.2489,0.0,False
01-06-26,5.2489,0.0,False
02-06-26,5.2556,0.128,False
03-06-26,5.2592,0.068,False
04-06-26,5.2581,-0.021,False
05-06-26,5.2488,-0.177,False
06-06-26,5.2488,0.0,False
07-06-26,5.2488,0.0,False
08-06-26,5.2436,-0.099,False
09-06-26,5.2386,-0.095,False
10-06-26,5.2344,-0.08,False
11-06-26,5.239,0.088,False
12-06-26,5.2353,-0.071,False
13-06-26,5.2353,0.0,False
14-06-26,5.2353,0.0,False
15-06-26,5.238,0.052,False
16-06-26,5.231,-0.134,False
17-06-26,5.2328,0.034,False
18-06-26,5.2339,0.021,False
19-06-26,5.2391,0.099,False
20-06-26,5.2391,0.0,False
21-06-26,5.2391,0.0,False
22-06-26,5.2386,-0.01,False
23-06-26,5.246,0.141,False
24-06-26,5.2461,0.002,False
25-06-26,5.2317,-0.274,False
26-06-26,5.239,0.14,False
27-06-26,5.239,0.0,False
28-06-26,5.239,0.0,False
29-06-26,5.243,0.076,False
30-06-26,5.2438,0.015,False
01-07-26,5.2409,-0.055,False
02-07-26,5.2359,-0.095,False
03-07-26,5.2374,0.029,False
04-07-26,5.2374,0.0,False
05-07-26,5.2374,0.0,False
06-07-26,5.2317,-0.109,False
07-07-26,5.2346,0.055,False
08-07-26,5.2345,-0.002,False
09-07-26,5.2363,0.034,False
10-07-26,5.2337,-0.05,False
11-07-26,5.2337,0.0,False
12-07-26,5.2337,0.0,False
13-07-26,5.2339,0.004,False
14-07-26,5.2456,0.224,False
15-07-26,5.2411,-0.086,False
16-07-26,5.2414,0.006,False
17-07-26,5.2429,0.029,False
18-07-26,5.2429,0.0,False
19-07-26,5.2429,0.0,False
20-07-26,5.2421,-0.015,False
21-07-26,5.2384,-0.071,False
22-07-26,5.2389,0.01,False
23-07-26,5.2356,-0.063,False
24-07-26,5.2348,-0.015,False
25-07-26,5.2348,0.0,False
26-07-26,5.2348,0.0,False
27-07-26,5.2327,-0.04,False
28-07-26,5.231,-0.032,False
29-07-26,5.2337,0.052,False
30-07-26,5.2439,0.195,False
31-07-26,5.2473,0.065,False
01-08-26,5.2473,0.0,False
02-08-26,5.2473,0.0,False
03-08-26,5.2473,0.0,False
