Start Date,End Date,Event Name,Event Type,Impact Category,Positive or Negative,Importance (1-100),Description
2020-01-30,2020-01-30,WHO Declares COVID-19 a Public Health Emergency of International Concern,Health Crisis/Pandemic,Public Health/Lockdown,Negative,70,World Health Organization declares the COVID-19 outbreak a Public Health Emergency of International Concern (PHEIC).
2020-03-11,2020-03-11,WHO Declares COVID-19 a Global Pandemic,Health Crisis/Pandemic,Public Health/Lockdown,Negative,95,World Health Organization officially characterizes the COVID-19 outbreak as a global pandemic, triggering worldwide lockdowns and travel restrictions.
2021-03-23,2021-03-29,Suez Canal Blockage (Ever Given),Supply Chain Disruption,Supply Chain,Negative,75,The container ship Ever Given runs aground and blocks the Suez Canal for six days, delaying an estimated hundreds of vessels and global trade shipments.
2022-02-24,2022-02-24,Russia Launches Full-Scale Invasion of Ukraine,Geopolitical Crisis/War,Energy Prices/Supply Chain,Negative,97,Russia launches a full-scale military invasion of Ukraine, triggering a major European security crisis and global energy and commodity market shocks.
2022-03-16,2022-03-16,US Federal Reserve Begins 2022 Rate-Hike Cycle,Monetary Policy,Consumer Confidence/Inflation,Negative,70,The US Federal Reserve raises its benchmark interest rate by 0.25 percentage points, its first hike since 2018, beginning an aggressive tightening cycle to combat inflation.
2022-07-21,2022-07-21,European Central Bank's First Rate Hike in 11 Years,Monetary Policy,Consumer Confidence/Inflation,Negative,85,The ECB raises its key interest rates by 0.50 percentage points, its first increase since 2011, marking the start of a euro-area tightening cycle amid surging inflation.
2022-09-26,2022-09-26,Nord Stream Pipeline Sabotage,Energy Infrastructure Attack,Energy Prices,Negative,80,Underwater explosions rupture the Nord Stream 1 and Nord Stream 2 gas pipelines in the Baltic Sea, deepening Europe's natural gas supply crisis.
2022-10-05,2022-10-05,OPEC+ Announces Major Oil Production Cut,Energy Market Policy,Energy Prices,Negative,72,OPEC+ agrees to cut oil production by 2 million barrels per day, one of its largest cuts since 2020, pushing global oil prices higher.
2023-03-10,2023-03-19,2023 Banking Crisis (SVB Collapse and Credit Suisse Takeover),Financial Crisis,Consumer Confidence/Inflation,Negative,68,Silicon Valley Bank collapses on March 10 and Credit Suisse is forced into a UBS-led takeover on March 19, triggering fears of a wider global banking contagion.
2023-05-05,2023-05-05,WHO Ends COVID-19 Global Health Emergency,Public Health Policy,Public Health/Lockdown,Positive,60,The World Health Organization declares that COVID-19 no longer constitutes a Public Health Emergency of International Concern, formally ending the pandemic emergency phase.
